YIL,AY,ILCE,MAHALLE,ABONELIK_GRUBU,ABONELIK_TURU,ABONE_TIPI,ABONE_ADEDI,ORTALAMA_TUKETIM
2023,6,SEFERİHİSAR,TURABİYE,Konut,Su,KONUT,2577,24129.0
2024,2,ÇEŞME,CELAL BAYAR,Konut Dışı,Su,RESMİ DAİRE,1,56.0
2022,10,DİKİLİ,KABAKUM,Tarım Hayvan,Su,ORMAN KÖYÜ VE ESKİ KÖYLER TARIM/ HAYVAN,9,131.0
2024,6,DİKİLİ,İSMETPAŞA,Konut,Su,KONUT (AFET),2,29.0
2020,1,FOÇA,FEVZİ ÇAKMAK,Konut Dışı,Su,FIRIN HAMAM ABONELERİ,3,29.0
2021,5,KONAK,FEVZİ PAŞA,Konut Dışı,Su,İŞYERİ,49,229.0
2024,3,NARLIDERE,LİMANREİS,Konut,Su,ŞEHİT GAZİ,4,33.0
2020,8,KARŞIYAKA,ALAYBEY,Konut Dışı,Su,İŞYERİ,203,1974.0
2023,6,TİRE,TOKİ,Konut Dışı,Su,ÖZEL OKULLAR,1,24.0
2023,8,BEYDAĞ,BAKIRKÖY,Konut,Su,ORMAN KÖYÜ VE ESKİ KÖYLER KONUT,85,2613.0
2023,10,KONAK,BARBAROS,Konut Dışı,Su,ÖZEL HASTANELER,1,114.0
2021,8,ÇİĞLİ,YAKAKENT,Konut,Su,KONUT,2437,27061.0
2022,11,KARŞIYAKA,ATAKENT,Konut,Su,E.A.,21,208.0
2024,8,ÇEŞME,DALYAN,Konut Dışı,Su,İNŞAAT (ŞANTİYE),28,3589.0
2020,6,BALÇOVA,ÇETİN EMEÇ,Konut Dışı,Su,RESMİ OKUL HASTANELER,1,2.0
2023,1,TİRE,KETENCİ,Konut Dışı,Su,BELEDİYE,1,19.0
2021,8,ÖDEMİŞ,GÜNLÜCE,Tarım Hayvan,Su,ORMAN KÖYÜ VE ESKİ KÖYLER TARIM/ HAYVAN,35,3989.0
2020,12,KARABAĞLAR,BASIN SİTESİ,Konut Dışı,Su,AİLEHEKİM.RES.HAS.,1,12.0
2024,4,DİKİLİ,SALİMBEY,Konut,Su,KONUT (AFET),4,38.0
2020,8,BALÇOVA,TELEFERİK,Konut Dışı,Su,İNŞAAT (ŞANTİYE),3,118.0
2022,11,SELÇUK,14 MAYIS,Konut Dışı,Su,İBADETHANELER,2,155.0
2023,6,SEFERİHİSAR,MERSİN ALANI,Konut Dışı,Su,BELEDİYE,5,149.0
2023,5,SELÇUK,ŞİRİNCE,Tarım Hayvan,Su,ORMAN KÖYÜ VE ESKİ KÖYLER TARIM/ HAYVAN,21,1278.0
2022,6,TORBALI,BAHÇELİEVLER,Konut Dışı,Atıksu,KUYU ATIK SU İŞYERİ,6,557.0
2023,7,ÇİĞLİ,SASALI MERKEZ,Tarım Hayvan,Su,İLÇE BELEDİYE TARIM / HAYVAN,3,118.0
2023,11,DİKİLİ,SALİMBEY,Konut Dışı,Su,RESMİ OKUL HASTANELER,4,2358.0
2022,4,ÖDEMİŞ,ERTUĞRUL,Tarım Hayvan,Su,ORMAN KÖYÜ VE ESKİ KÖYLER TARIM/ HAYVAN,32,1559.0
2020,6,ÖDEMİŞ,YENİCEKÖY,Konut,Su,KÖY ENGELLİ,2,205.0
2020,3,TORBALI,ERTUĞRUL,Konut,Su,İLÇE BELEDİYESİ BAHÇE SUYU,18,42.0
2021,2,TİRE,HİSARLIK,Tarım Hayvan,Su,İLÇE BELEDİYE TARIM / HAYVAN,1,3.0
2021,11,NARLIDERE,ILICA,Konut Dışı,Atıksu,KUYU ATIK SU İŞYERİ,2,117.0
2020,7,KARABAĞLAR,TIRAZLI,Konut,Su,ORMAN KÖYÜ VE ESKİ KÖYLER KONUT,49,2170.0
2024,7,TİRE,ARMUTLU,Konut,Su,ORMAN KÖYÜ VE ESKİ KÖYLER KONUT,10,146.0
2021,10,MENEMEN,9 EYLÜL,Konut Dışı,Su,RESMİ OKUL HASTANELER,1,152.0
2023,2,BERGAMA,MALTEPE,Konut,Su,E.A.,76,693.0
2020,5,BORNOVA,EGEMENLİK,Konut Dışı,Su,FIRIN HAMAM ABONELERİ,1,76.0
2022,6,DİKİLİ,ÇANDARLI,Konut,Su,BELDE ENGELLİ ABONELERİ,38,383.0
2020,10,DİKİLİ,CUMHURİYET,Konut,Su,ŞEHİT GAZİ,3,30.0
2020,2,SEFERİHİSAR,PAYAMLI,Konut Dışı,Su,İBADETHANELER,2,23.0
2024,4,BALÇOVA,ÇETİN EMEÇ,Konut,Su,KONUT (AFET),2,19.0
2023,12,ÇEŞME,16 EYLÜL,Tarım Hayvan,Su,İLÇE BELEDİYE TARIM / HAYVAN,1,21.0
2020,12,DİKİLİ,CUMHURİYET,Konut Dışı,Su,ÖZEL OKULLAR,1,2.0
2022,8,URLA,YAĞCILAR,Konut,Su,ORMAN KÖYÜ VE ESKİ KÖYLER KONUT,96,2598.0
2023,6,KONAK,ALSANCAK,Konut,Su,E.A.,34,282.0
2022,6,NARLIDERE,ATATÜRK,Konut,Su,KONUT (S),67,983.0
2021,4,BUCA,GÜVEN,Konut,Su,E.A.,119,1213.0
2021,8,BUCA,GÜVEN,Konut Dışı,Su,İBADETHANELER,2,45.0
2020,8,BORNOVA,KOŞUKAVAK,Konut Dışı,Su,RESMİ DAİRE,1,38.0
2024,7,KARŞIYAKA,GONCALAR,Konut Dışı,Su,RESMİ DAİRE,2,21.0
2023,1,MENDERES,HÜRRİYET,Konut Dışı,Su,ÖZEL OKULLAR,1,130.0
2024,1,KARABAĞLAR,ABDİ İPEKÇİ,Konut,Su,ŞEHİT GAZİ,3,26.0
2021,8,GAZİEMİR,DOKUZ EYLÜL,Konut Dışı,Su,RESMİ OKUL HASTANELER,3,51.0
2023,5,SEFERİHİSAR,TURGUT,Konut,Su,ORMAN KÖYÜ VE ESKİ KÖYLER KONUT,137,2217.0
2022,6,TİRE,GÖKÇEN,Konut Dışı,Su,BELEDİYE,3,131.0
2023,2,GÜZELBAHÇE,YALI,Konut,Su,KONUT,1977,18163.0
2024,9,KARABURUN,İSKELE,Konut,Su,KONUT,7,258.0
2024,5,ALİAĞA,KAZIM DİRİK,Konut Dışı,Su,BELEDİYE,2,74.0
2021,7,FOÇA,KAZIM DİRİK,Konut,Su,E.A.,42,694.0
2022,5,BORNOVA,EGEMENLİK,Tarım Hayvan,Su,İLÇE BELEDİYE TARIM / HAYVAN,2,161.0
2022,8,KİRAZ,ŞEMSİLER,Konut,Su,KÖY ENGELLİ,4,68.0
2020,8,KARABAĞLAR,OSMAN AKSÜNER,Konut Dışı,Su,İŞYERİ,155,1555.0
2022,9,GÜZELBAHÇE,YAKA,Konut Dışı,Su,İŞYERİ,7,231.0
2023,1,FOÇA,MAREŞAL FEVZİ ÇAKMAK,Konut,Su,KONUT (S),1,7.0
2023,5,BALÇOVA,İNCİRALTI,Konut Dışı,Su,İNŞAAT (ŞANTİYE),2,60.0
2021,3,KINIK,MISTIKLAR,Konut,Su,ORMAN KÖYÜ VE ESKİ KÖYLER KONUT,69,594.0
2022,7,FOÇA,ATATÜRK,Konut Dışı,Su,TURİSTİK TESİS,1,56.0
2024,6,BORNOVA,EGEMENLİK,Sulama,Su,PARKLAR  VE  MEZARLIKLAR,9,3816.0
2021,9,NARLIDERE,ALTIEVLER,Konut Dışı,Su,ÖZEL OKULLAR,3,367.0
2021,10,TORBALI,YEDİ EYLÜL,Konut,Su,KONUT,642,8832.0
2022,7,BAYRAKLI,FUAT EDİP BAKSI,Sulama,Su,PARKLAR  VE  MEZARLIKLAR,5,6360.0
2021,5,BORNOVA,IŞIKLAR,Konut Dışı,Atıksu,KUYU ATIK SU İŞYERİ,5,323.0
2021,7,KONAK,ŞEHİT NEDİM TUĞALTAY,Konut,Su,KONUT,38,494.0
2023,5,KEMALPAŞA,BAĞYURDU 29 EKİM,Konut Dışı,Su,İBADETHANELER,1,15.0
2021,10,BEYDAĞ,AKTEPE,Konut,Su,ŞEHİT GAZİ,1,31.0
2023,11,KARŞIYAKA,DONANMACI,Konut Dışı,Atıksu,KUYU ATIK SU İŞYERİ,1,13.0
2023,9,URLA,M.FEVZİ ÇAKMAK,Konut,Su,KONUT,1159,16035.0
2020,2,KARABURUN,TEPEBOZ,Konut,Su,ORMAN KÖYÜ VE ESKİ KÖYLER KONUT,169,1076.0
2023,9,GAZİEMİR,GAZİKENT,Konut,Su,ŞEHİT GAZİ,1,9.0
2023,6,FOÇA,MUSTAFA KEMAL ATATÜRK,Konut Dışı,Su,RESMİ OKUL HASTANELER,1,296.0
2021,12,KİRAZ,YAĞLAR,Konut Dışı,Su,ORMAN KÖYÜ VE ESKİ KÖYLER İŞYERİ,1,17.0
2021,1,MENEMEN,TÜLBENTLİ,Konut Dışı,Su,İŞYERİ,2,90.0
2023,6,ALİAĞA,HACIÖMERLİ,Konut,Su,KÖY ŞEHİT GAZİ,1,9.0
2024,6,BERGAMA,ZEYTİNDAĞ,Konut Dışı,Su,AİLEHEKİM.RES.HAS.,1,6.0
2024,2,KEMALPAŞA,YİĞİTLER,Konut Dışı,Su,AİLEHEKİM.RES.HAS.,1,3.0
2024,8,KINIK,POYRACIK,Konut Dışı,Su,BELDE ŞANTİYE ABONELERİ,1,6.0
2024,1,BALÇOVA,EĞİTİM,Konut,Su,KONUT,5221,47275.0
2022,4,KARABAĞLAR,UĞUR MUMCU,Konut Dışı,Su,RESMİ OKUL HASTANELER,1,141.0
2024,5,KİRAZ,YENİ,Konut,Su,KONUT,1051,8934.0
2023,3,KEMALPAŞA,MEHMET AKİF ERSOY,Konut Dışı,Su,RESMİ OKUL HASTANELER,3,528.0
2023,4,KİRAZ,UZUNKÖY,Konut Dışı,Su,ORMAN KÖYÜ VE ESKİ KÖYLER İŞYERİ,1,4.0
2023,2,SEFERİHİSAR,CAMİKEBİR,Konut Dışı,Su,İBADETHANELER,2,27.0
2020,1,BERGAMA,OVACIK,Tarım Hayvan,Su,ORMAN KÖYÜ VE ESKİ KÖYLER TARIM/ HAYVAN,4,56.0
2024,3,BEYDAĞ,ÇİFTLİKKÖY,Tarım Hayvan,Su,ORMAN KÖYÜ VE ESKİ KÖYLER TARIM/ HAYVAN,8,221.0
2021,2,ÇİĞLİ,ŞİRİNTEPE,Konut,Su,E.A.,164,1793.0
2023,9,NARLIDERE,HUZUR,Sulama,Su,PARKLAR  VE  MEZARLIKLAR,8,2295.0
2024,3,FOÇA,KOCA MEHMETLER,Konut,Su,KONUT,81,552.0
2023,4,DİKİLİ,İSMETPAŞA,Sulama,Su,PARKLAR  VE  MEZARLIKLAR,4,112.0
2023,4,BAYINDIR,KIZILCAOVA,Konut Dışı,Su,İNŞAAT (ŞANTİYE),2,65.0
2024,6,SELÇUK,CUMHURİYET,Konut Dışı,Su,İBADETHANELER,1,2.0
2022,4,BUCA,ÇAMLIPINAR,Sulama,Su,PARKLAR  VE  MEZARLIKLAR,3,29.0
2022,10,MENDERES,BULGURCA,Konut Dışı,Su,RESMİ OKUL HASTANELER,1,198.0
2024,8,KARŞIYAKA,BAHÇELİEVLER,Konut Dışı,Atıksu,KUYU ATIK SU İŞYERİ,1,77.0
2022,7,SEFERİHİSAR,TURABİYE,Konut Dışı,Su,RESMİ OKUL HASTANELER,3,1784.0
2020,8,NARLIDERE,NARLI,Konut Dışı,Su,BELEDİYE,2,37.0
2023,6,FOÇA,HACIVELİ,Konut,Atıksu,KUYU ATIK SU KONUT,4,80.0
2023,11,ALİAĞA,FATİH,Sanayi,Su,SANAYİ,2,98.0
2024,6,BALÇOVA,İNCİRALTI,Konut Dışı,Su,İŞYERİ,32,2777.0
2021,10,SELÇUK,ATATÜRK,Konut Dışı,Su,İŞYERİ,565,6822.0
2020,2,ALİAĞA,YALI,Konut Dışı,Su,RESMİ OKUL HASTANELER,2,23.0
2023,8,KONAK,UMURBEY,Konut Dışı,Atıksu,K.A.RESMİ DAİRE (TÜK. BİLD. İNECEK),1,591.0
2020,5,FOÇA,MUSTAFA KEMAL ATATÜRK,Konut Dışı,Su,İŞYERİ,31,765.0
2022,7,URLA,İSKELE,Konut,Su,İLÇE BELEDİYESİ BAHÇE SUYU,22,1510.0
2022,6,KARŞIYAKA,DEDEBAŞI,Konut Dışı,Su,R. OKUL HAS. (TÜK. BİLD. İNE.),1,88.0
2021,11,BERGAMA,NARLICA,Konut Dışı,Su,RESMİ OKUL HASTANELER,1,53.0
2022,2,BAYINDIR,KARAHAYIT,Tarım Hayvan,Su,ORMAN KÖYÜ VE ESKİ KÖYLER TARIM/ HAYVAN,2,10.0
2023,9,DİKİLİ,GAZİPAŞA,Konut Dışı,Su,İNŞAAT (ŞANTİYE),7,114.0
2022,1,KINIK,KÖSELER,Konut Dışı,Su,ORMAN KÖYÜ VE ESKİ KÖYLER İŞYERİ,3,5.0
2024,9,BAYRAKLI,MUHİTTİN ERENER,Konut,Su,E.A.,13,120.0
2024,4,BAYINDIR,YAKACIK,,Su,KIRSAL İŞYERİ ( KÖY),6,48.0
2023,12,NARLIDERE,ALTIEVLER,Sulama,Su,PARKLAR  VE  MEZARLIKLAR,7,3721.0
2022,4,MENDERES,GÖLOVA,Tarım Hayvan,Su,ORMAN KÖYÜ VE ESKİ KÖYLER TARIM/ HAYVAN,1,3.0
2020,11,ÇEŞME,İSMET İNÖNÜ,Konut,Su,E.A.,9,173.0
2021,6,ÇİĞLİ,BALATÇIK,Konut,Su,KONUT,4356,51908.0
2022,11,DİKİLİ,YAHŞİBEY,Tarım Hayvan,Su,ORMAN KÖYÜ VE ESKİ KÖYLER TARIM/ HAYVAN,5,84.0
2021,8,BAYINDIR,TURAN,Konut Dışı,Su,ORMAN KÖYÜ VE ESKİ KÖYLER İŞYERİ,3,50.0
2023,3,TORBALI,CUMHURİYET,Konut Dışı,Su,İNŞAAT (ŞANTİYE),2,6.0
2021,4,TİRE,KETENCİ,Konut Dışı,Su,İŞYERİ,24,195.0
2023,2,KEMALPAŞA,ULUCAK CUMHURİYET,Konut,Su,KONUT (S),2,58.0
2020,8,TORBALI,ERTUĞRUL,Konut Dışı,Su,İŞYERİ,453,6073.0
2023,8,FOÇA,YENİKÖY,Konut,Su,ORMAN KÖYÜ VE ESKİ KÖYLER KONUT,164,3909.0
2021,6,TORBALI,İNÖNÜ,Konut Dışı,Su,RESMİ OKUL HASTANELER,5,419.0
2023,11,BALÇOVA,EĞİTİM,Konut,Su,ŞEHİT GAZİ,17,240.0
2020,5,MENEMEN,KASIMPAŞA,Sanayi,Su,SANAYİ,1,122.0
2021,4,ÖDEMİŞ,SÜLEYMANLAR,Tarım Hayvan,Su,ORMAN KÖYÜ VE ESKİ KÖYLER TARIM/ HAYVAN,10,34.0
2022,11,GÜZELBAHÇE,YALI,Konut,Su,E.A.,61,638.0
2020,2,ALİAĞA,KÜLTÜR,Konut Dışı,Su,İBADETHANELER,1,58.0
2023,9,FOÇA,KEMAL ATATÜRK,Konut,Su,İLÇE BELEDİYESİ BAHÇE SUYU,6,106.0
2022,3,BUCA,İNKILAP,Konut Dışı,Su,FIRIN HAMAM ABONELERİ,7,168.0
2020,12,MENDERES,ÇUKURALTI,Konut Dışı,Su,BELEDİYE,1,161.0
2023,1,BEYDAĞ,YENİYURT,Konut,Su,KONUT,5,62.0
2024,6,SELÇUK,ATATÜRK,Sulama,Su,PARKLAR  VE  MEZARLIKLAR,15,2022.0
2023,8,BEYDAĞ,YAĞCILAR,Konut,Su,ORMAN KÖYÜ VE ESKİ KÖYLER KONUT,157,3448.0
2022,3,ÖDEMİŞ,PİRİNÇÇİ,Konut Dışı,Su,BELEDİYE,1,6.0
2020,7,BERGAMA,SAĞANCI,Konut Dışı,Su,İBADETHANELER,1,55.0
2021,5,GÜZELBAHÇE,ÇELEBİ,Konut Dışı,Atıksu,KUYU ATIKSU ÖZEL OKUL,1,78.0
2022,6,URLA,SIRA,Konut,Su,KONUT (S),6,62.0
2021,4,KARABURUN,İNECİK,Tarım Hayvan,Su,ORMAN KÖYÜ VE ESKİ KÖYLER TARIM/ HAYVAN,6,45.0
2022,11,MENEMEN,EMİRALEM MERKEZ,Konut Dışı,Su,AİLEHEKİM.RES.HAS.,1,7.0
2021,11,BORNOVA,KOŞUKAVAK,Konut Dışı,Su,İŞYERİ,166,1525.0
2023,3,KEMALPAŞA,KIZILÜZÜM,Konut Dışı,Su,ORMAN KÖYÜ VE ESKİ KÖYLER İŞYERİ,2,16.0
2022,7,ÇEŞME,DALYAN,Konut,Su,KONUT,1550,32803.0
2020,8,TORBALI,ERTUĞRUL,Konut Dışı,Su,ÖZEL OKULLAR,1,13.0
2021,1,MENDERES,ÇİLEME,Sulama,Su,PARKLAR  VE  MEZARLIKLAR,2,61.0
2022,5,ÖDEMİŞ,SÜLEYMAN DEMİREL,Sulama,Su,PARKLAR  VE  MEZARLIKLAR,12,940.0
2023,8,GAZİEMİR,GAZİKENT,Konut,Su,KONUT (S),1,28.0
2023,1,ÇİĞLİ,BALATÇIK,Konut Dışı,Su,AİLEHEKİM.RES.HAS.,1,10.0
2022,9,SELÇUK,14 MAYIS,Konut,Su,KONUT,2256,24626.0
2021,4,BAYRAKLI,SOĞUKKUYU,Konut Dışı,Su,RESMİ OKUL HASTANELER,3,380.0
2020,1,BUCA,KARACAAĞAÇ,Konut Dışı,Su,RESMİ OKUL HASTANELER,1,48.0
2021,3,ALİAĞA,ÇALTILIDERE,Tarım Hayvan,Su,ORMAN KÖYÜ VE ESKİ KÖYLER TARIM/ HAYVAN,96,415.0
2022,4,DİKİLİ,DENİZKÖY,Konut,Su,ORMAN KÖYÜ VE ESKİ KÖYLER KONUT,192,1856.0
2024,3,BORNOVA,RAFET PAŞA,Konut,Su,KONUT,5091,55050.0
2024,7,MENEMEN,YAHŞELLİ,Konut Dışı,Su,ORMAN KÖYÜ VE ESKİ KÖYLER İŞYERİ,7,251.0
2021,3,ÇİĞLİ,UĞUR MUMCU,Konut Dışı,Su,AİLEHEKİM.RES.HAS.,1,6.0
2022,8,BAYINDIR,KARAHALİLLİ,Konut Dışı,Atıksu,KUYU ATIK SU İŞYERİ,1,63.0
2021,12,BAYINDIR,ÇINAR,Konut,Su,E.A.,2,9.0
2020,1,ÖDEMİŞ,BOZCAYAKA,Konut Dışı,Su,İBADETHANELER,1,28.0
2022,12,NARLIDERE,LİMANREİS,Konut Dışı,Su,İŞYERİ,43,1248.0
2024,6,MENDERES,DEVELİ,,Su,KIRSAL İŞYERİ ( KÖY),2,36.0
2022,11,BUCA,DUMLUPINAR,Konut Dışı,Su,BELEDİYE,2,193.0
2023,9,BERGAMA,AHMETBEYLER,Konut Dışı,Su,RESMİ OKUL HASTANELER,1,32.0
2020,10,NARLIDERE,SAHİLEVLERİ,Sulama,Su,PARKLAR  VE  MEZARLIKLAR,6,1298.0
2021,8,GAZİEMİR,ATATÜRK,Konut Dışı,Su,İŞYERİ,64,608.0
2021,8,KARŞIYAKA,DEDEBAŞI,Konut Dışı,Su,RESMİ DAİRE,6,678.0
2022,2,BAYINDIR,MİTHATPAŞA,Konut Dışı,Su,RESMİ DAİRE,11,602.0
2021,11,BERGAMA,GAZİPAŞA,Konut Dışı,Su,İŞYERİ,66,507.0
2023,3,SEFERİHİSAR,TURGUT,Konut Dışı,Atıksu,KUYU ATIK SU İŞYERİ,1,30.0
2021,5,KARABURUN,KÜÇÜKBAHÇE,Konut Dışı,Su,BELEDİYE,1,1.0
2021,8,FOÇA,KOZBEYLİ,Konut Dışı,Su,İBADETHANELER,1,20.0
2022,11,URLA,HACI İSA,Konut,Su,İLÇE BELEDİYESİ BAHÇE SUYU,2,26.0
2021,5,BEYDAĞ,BEYKÖY,Konut Dışı,Su,İŞYERİ,2,12.0
2022,8,GÜZELBAHÇE,MUSTAFA KEMAL PAŞA,Konut,Su,E.A.,36,850.0
2020,3,BERGAMA,ÖKSÜZLER,Konut,Su,ORMAN KÖYÜ VE ESKİ KÖYLER KONUT,1,11.0
2023,3,ALİAĞA,SİTELER,Sanayi,Su,SANAYİ,2,175.0
2020,8,URLA,ÖZBEK,Konut,Atıksu,KUYU ATIK SU KONUT,1,600.0
2024,8,KINIK,YENİ,Tarım Hayvan,Su,İLÇE BELEDİYE TARIM / HAYVAN,4,31.0
2023,6,MENDERES,ÇUKURALTI,Konut Dışı,Su,RESMİ OKUL HASTANELER,1,203.0
2020,5,BUCA,KIRKLAR,Konut Dışı,Atıksu,KUYU ATIK SU RESMİ DAİRE,2,20198.0
2022,6,NARLIDERE,ÇAMTEPE,Sulama,Su,PARKLAR  VE  MEZARLIKLAR,5,2844.0
2023,6,URLA,YENİCE,Sulama,Su,PARKLAR  VE  MEZARLIKLAR,1,1.0
2020,8,GÜZELBAHÇE,KAHRAMANDERE,Konut Dışı,Atıksu,KUYU ATIK SU İŞYERİ,2,21.0
2020,9,KONAK,GÜZELYALI,Konut Dışı,Su,İNŞAAT (ŞANTİYE),1,16.0
2021,9,URLA,KALABAK,Konut,Su,ŞEHİT GAZİ,8,147.0
2024,8,URLA,İSKELE,Konut Dışı,Su,İNŞAAT (ŞANTİYE),9,391.0
2020,1,KİRAZ,SOLAKLAR,Konut,Su,ORMAN KÖYÜ VE ESKİ KÖYLER KONUT,71,599.0
2020,12,BAYRAKLI,OSMANGAZİ,Konut Dışı,Su,AİLEHEKİM.RES.HAS.,1,25.0
2024,4,KİRAZ,VELİLER,Tarım Hayvan,Su,ORMAN KÖYÜ VE ESKİ KÖYLER TARIM/ HAYVAN,37,1268.0
2023,9,BEYDAĞ,CUMHURİYET,Konut Dışı,Su,RESMİ OKUL HASTANELER,3,227.0
2023,7,KEMALPAŞA,SOĞUKPINAR,Konut Dışı,Su,RESMİ OKUL HASTANELER,9,238.0
2021,2,DİKİLİ,YENİCE,Konut,Su,ORMAN KÖYÜ VE ESKİ KÖYLER KONUT,55,1758.0
2024,4,MENDERES,ÖZDERE CUMHURİYET,Konut Dışı,Su,İŞYERİ,34,499.0
2023,9,KARABAĞLAR,BOZYAKA,Konut,Su,KONUT,4814,54233.0
2023,9,DİKİLİ,ÇAĞLAN,Tarım Hayvan,Su,ORMAN KÖYÜ VE ESKİ KÖYLER TARIM/ HAYVAN,17,171.0
2020,11,FOÇA,HACIVELİ,Sanayi,Su,SANAYİ,1,27.0
2022,12,SELÇUK,İSA BEY,Konut Dışı,Su,ÖZEL OKULLAR,4,97.0
2024,2,KİRAZ,YENİKÖY,Sulama,Su,PARKLAR  VE  MEZARLIKLAR,1,1.0
2021,1,BAYRAKLI,BAYRAKLI,Konut Dışı,Su,RESMİ DAİRE,4,73.0
2023,9,KARABURUN,MORDOĞAN,Konut Dışı,Su,İBADETHANELER,6,56.0
2023,5,BUCA,KARACAAĞAÇ,Tarım Hayvan,Su,ORMAN KÖYÜ VE ESKİ KÖYLER TARIM/ HAYVAN,9,181.0
2023,6,KONAK,YEŞİLTEPE,Konut Dışı,Su,BELEDİYE,3,301.0
2024,1,BALÇOVA,ONUR,Sanayi,Su,SANAYİ,1,2.0
2024,4,SELÇUK,14 MAYIS,Konut Dışı,Su,İNŞAAT (ŞANTİYE),8,96.0
2020,6,KEMALPAŞA,ARMUTLU 85.YIL CUMHURİYET,Konut,Su,KONUT,1566,46928.0
2021,10,ÇİĞLİ,AYDINLIKEVLER,Konut,Su,İLÇE BELEDİYESİ BAHÇE SUYU,11,91.0
2020,11,BEYDAĞ,ÇAMLIK,Konut,Su,KÖY ENGELLİ,2,37.0
2023,12,BORNOVA,BARBAROS,Konut Dışı,Su,BELEDİYE,2,834.0
2022,7,TORBALI,YAZIBAŞI,Tarım Hayvan,Su,İLÇE BELEDİYE TARIM / HAYVAN,7,128.0
2023,8,FOÇA,MUSTAFA KEMAL ATATÜRK,Konut Dışı,Su,FIRIN HAMAM ABONELERİ,3,111.0
2024,3,URLA,GÜVENDİK,Konut Dışı,Su,İNŞAAT (ŞANTİYE),18,393.0
2022,1,BAYRAKLI,KÖRFEZ,Konut,Su,İLÇE BELEDİYESİ BAHÇE SUYU,10,46.0
2020,5,TORBALI,ERTUĞRUL,Konut,Su,E.A.,7,213.0
2023,12,KİRAZ,AHMETLER,Konut,Su,ORMAN KÖYÜ VE ESKİ KÖYLER KONUT,17,113.0
2023,9,KARŞIYAKA,DEMİRKÖPRÜ,Konut,Su,E.A.,84,906.0
2022,8,GÜZELBAHÇE,MUSTAFA KEMAL PAŞA,Konut,Su,KONUT (S),5,46.0
2020,8,BERGAMA,DEREKÖY,Konut Dışı,Su,ORMAN KÖYÜ VE ESKİ KÖYLER İŞYERİ,1,3.0
2021,11,FOÇA,FEVZİ ÇAKMAK,Konut,Su,İLÇE BELEDİYESİ BAHÇE SUYU,17,74.0
2023,11,ALİAĞA,FATİH,Konut,Su,KONUT (S),1,7.0
2022,9,BALÇOVA,FEVZİ ÇAKMAK,Konut,Su,KONUT (S),12,155.0
2020,7,TORBALI,ÇAYBAŞI,Konut,Su,ŞEHİT GAZİ,3,39.0
2021,5,ÇEŞME,FAHRETTİNPAŞA,Konut Dışı,Su,İNŞAAT (ŞANTİYE),3,38.0
2020,1,NARLIDERE,ÇAMTEPE,Konut Dışı,Su,FIRIN HAMAM ABONELERİ,3,41.0
2020,10,DİKİLİ,UZUNBURUN,Konut,Su,ORMAN KÖYÜ VE ESKİ KÖYLER KONUT,35,3306.0
2023,1,KARŞIYAKA,BAHRİYE ÜÇOK,Konut,Su,KONUT (S),3,25.0
2020,11,SEFERİHİSAR,AKARCA,Konut Dışı,Su,İNŞAAT (ŞANTİYE),12,174.0
2021,5,MENEMEN,VİLLAKENT,Konut Dışı,Su,İNŞAAT (ŞANTİYE),15,566.0
2024,1,NARLIDERE,ATATÜRK,Konut,Su,KONUT (AFET),2,22.0
2020,9,URLA,YAĞCILAR,Konut Dışı,Su,ORMAN KÖYÜ VE ESKİ KÖYLER İŞYERİ,2,172.0
2023,9,TORBALI,TORBALI,Konut,Atıksu,KUYU ATIK SU KONUT,1,184.0
2021,5,TORBALI,ATATÜRK,Konut,Su,E.A.,72,1342.0
2021,3,ÇİĞLİ,İNÖNÜ,Konut Dışı,Su,AİLEHEKİM.RES.HAS.,1,2.0
2022,1,KARABAĞLAR,ŞEHİTLER,Konut,Su,KONUT,860,9374.0
2024,4,NARLIDERE,ATATÜRK,Konut,Su,KONUT (AFET),1,16.0
2022,4,KINIK,CUMALI,Konut,Su,ORMAN KÖYÜ VE ESKİ KÖYLER KONUT,139,1719.0
2020,8,BALÇOVA,EĞİTİM,Konut,Su,E.A.,209,2936.0
2022,10,GAZİEMİR,GAZİKENT,Konut Dışı,Su,RESMİ DAİRE,1,113.0
2023,12,GAZİEMİR,GAZİ,Konut Dışı,Su,AİLEHEKİM.RES.HAS.,1,6.0
2022,7,URLA,BARBAROS,Konut,Su,ORMAN KÖYÜ VE ESKİ KÖYLER KONUT,253,8412.0
2024,9,SELÇUK,GÖKÇEALAN,Konut,Su,ORMAN KÖYÜ VE ESKİ KÖYLER KONUT,4,194.0
2021,11,SELÇUK,ACARLAR,Konut Dışı,Su,İBADETHANELER,1,6.0
2021,2,KARABAĞLAR,ESENLİK,Konut Dışı,Su,PANDEMİ İŞYERİ,166,1657.0
2022,2,MENEMEN,MUSTAFA KEMAL ATATÜRK,Konut,Su,KONUT,146,1438.0
2024,8,BEYDAĞ,MENDERES,Konut,Su,KÖY ENGELLİ,1,19.0
2020,1,URLA,KALABAK,Konut Dışı,Su,AİLEHEKİM.RES.HAS.,1,4.0
2021,6,KARABAĞLAR,AYDIN,Konut Dışı,Su,RESMİ OKUL HASTANELER,3,64.0
2021,1,MENEMEN,BELEN,Tarım Hayvan,Su,ORMAN KÖYÜ VE ESKİ KÖYLER TARIM/ HAYVAN,3,29.0
2021,7,MENDERES,AHMETBEYLİ,Konut Dışı,Atıksu,KUYU ATIK SU İŞYERİ,3,54.0
2020,10,BUCA,CUMHURİYET,Konut,Su,ŞEHİT GAZİ,3,16.0
2023,2,GÜZELBAHÇE,ATATÜRK,Konut,Su,ŞEHİT GAZİ,3,30.0
2023,8,MENDERES,GAZİPAŞA,Konut Dışı,Su,İNŞAAT (ŞANTİYE),2,8.0
2024,2,SELÇUK,ZAFER,Konut,Su,ŞEHİT GAZİ,7,86.0
2024,4,SEFERİHİSAR,TURABİYE,Konut,Su,KONUT (AFET),3,34.0
2022,6,BERGAMA,FATİH,Konut Dışı,Su,RESMİ OKUL HASTANELER,6,1282.0
2022,7,GÜZELBAHÇE,ATATÜRK,Konut Dışı,Su,RESMİ OKUL HASTANELER,2,9.0
2023,12,MENDERES,KEMALPAŞA,Konut,Su,KONUT,3199,33442.0
2022,2,ÇİĞLİ,KÖYİÇİ,Sulama,Su,PARKLAR  VE  MEZARLIKLAR,2,1901.0
2022,9,SELÇUK,ATATÜRK,Konut Dışı,Su,İNŞAAT (ŞANTİYE),15,717.0
2024,2,GÜZELBAHÇE,ÇELEBİ,Konut Dışı,Su,RESMİ DAİRE,1,14.0
2022,4,BERGAMA,DEMİRCİDERE,Sulama,Su,PARKLAR  VE  MEZARLIKLAR,1,6.0
2021,5,NARLIDERE,ILICA,Konut,Su,KONUT,2366,32994.0
2023,5,KONAK,EMİR SULTAN,Konut Dışı,Su,RESMİ OKUL HASTANELER,1,1028.0
2020,12,BUCA,HÜRRİYET,Konut,Su,ŞEHİT GAZİ,15,130.0
2021,5,BALÇOVA,KORUTÜRK,Konut Dışı,Su,TURİSTİK TESİS,2,8209.0
2022,6,BORNOVA,KAZIMDİRİK,Konut,Su,KONUT,8042,111386.0
2023,11,ÇİĞLİ,ÇAĞDAŞ,Konut,Su,ŞEHİT GAZİ,10,73.0
2020,2,KINIK,KARATEKELİ,Konut,Su,ORMAN KÖYÜ VE ESKİ KÖYLER KONUT,21,196.0
2024,4,TİRE,BÜYÜKKÖMÜRCÜ,Tarım Hayvan,Su,ORMAN KÖYÜ VE ESKİ KÖYLER TARIM/ HAYVAN,7,85.0
2021,6,ÇİĞLİ,HARMANDALI GAZİ MUSTAFA KEMAL ATATÜRK,Konut Dışı,Su,RESMİ DAİRE,1,12074.0
2023,2,TORBALI,PANCAR,Tarım Hayvan,Su,İLÇE BELEDİYE TARIM / HAYVAN,6,111.0
2020,5,BUCA,FIRAT,Konut Dışı,Su,RESMİ OKUL HASTANELER,1,30.0
2020,11,ÇEŞME,MUSALLA,Konut Dışı,Atıksu,KUYU ATIK SU İŞYERİ,5,474.0
2021,3,SELÇUK,CUMHURİYET,Konut Dışı,Su,İBADETHANELER,2,357.0
2021,9,URLA,SIRA,Konut,Su,KONUT,696,8951.0
2020,3,TORBALI,TORBALI,Konut,Su,KONUT,5232,54926.0
2022,4,KARŞIYAKA,LATİFE HANIM,Konut Dışı,Su,FIRIN HAMAM ABONELERİ,1,21.0
2020,11,BERGAMA,PINARKÖY,Konut,Su,ORMAN KÖYÜ VE ESKİ KÖYLER KONUT,191,5432.0
2020,10,KARABAĞLAR,VATAN,Konut,Su,KONUT,8343,87474.0
2022,9,BAYRAKLI,DOĞANÇAY,Konut Dışı,Su,RESMİ DAİRE,1,203.0
2023,6,TİRE,İPEKÇİLER,Konut Dışı,Su,BELEDİYE,3,48.0
2021,2,BALÇOVA,FEVZİ ÇAKMAK,Konut Dışı,Su,ÖZEL OKULLAR,1,58.0
2024,3,ÇİĞLİ,ATAŞEHİR,Sulama,Su,PARKLAR  VE  MEZARLIKLAR,28,3131.0
2022,8,GÜZELBAHÇE,PAYAMLI,Konut Dışı,Su,ORMAN KÖYÜ VE ESKİ KÖYLER İŞYERİ,2,8.0
2021,3,SELÇUK,CUMHURİYET,Tarım Hayvan,Su,İLÇE BELEDİYE TARIM / HAYVAN,1,5.0
2023,12,BAYINDIR,SADIKPAŞA,Konut Dışı,Su,İBADETHANELER,1,5.0
2021,1,TİRE,KAHRAT,Tarım Hayvan,Su,BELDE TARIM HAYVAN,48,840.0
2021,6,KEMALPAŞA,SÜTÇÜLER,Sulama,Su,PARKLAR  VE  MEZARLIKLAR,2,288.0
2023,5,MENDERES,TEKELİ ATATÜRK,Sanayi,Atıksu,KUYU ATIK SU SANAYİ,1,18.0
2022,7,KEMALPAŞA,MEHMET AKİF ERSOY,Konut Dışı,Su,AİLEHEKİM.RES.HAS.,1,6.0
2020,2,TİRE,IŞIKLAR,Sulama,Su,PARKLAR  VE  MEZARLIKLAR,1,2.0
2022,1,SELÇUK,ÇAMLIK,Konut Dışı,Su,RESMİ OKUL HASTANELER,2,30.0
2022,7,KINIK,İBRAHİMAĞA,Konut Dışı,Su,İBADETHANELER,1,4.0
2021,1,BUCA,KAYNAKLAR MERKEZ,Konut,Su,ŞEHİT GAZİ,1,7.0
2022,11,GAZİEMİR,FATİH,Konut,Su,KONUT,1203,12601.0
2022,2,ÖDEMİŞ,MEŞRUTİYET,Konut Dışı,Su,RESMİ OKUL HASTANELER,1,37.0
2024,3,SEFERİHİSAR,GÖDENCE,Konut Dışı,Su,RESMİ DAİRE,1,1.0
2024,4,BORNOVA,MERKEZ,Konut Dışı,Su,İŞYERİ,23,142.0
2024,8,BUCA,VALİ RAHMİ BEY,Konut Dışı,Su,BELEDİYE,3,1177.0
2023,9,ÖDEMİŞ,CUMHURİYET,Konut Dışı,Su,AİLEHEKİM.RES.HAS.,1,4.0
2020,3,MENEMEN,75.YIL CUMHURİYET,Konut Dışı,Su,RESMİ OKUL HASTANELER,1,10.0
2024,3,KARŞIYAKA,ALAYBEY,Konut Dışı,Su,İNŞAAT (ŞANTİYE),2,25.0
2022,10,BORNOVA,YEŞİLOVA,Konut Dışı,Su,İŞYERİ,794,7793.0
2022,7,DİKİLİ,KIRATLI,Konut Dışı,Su,RESMİ OKUL HASTANELER,1,54.0
2022,8,TORBALI,ŞEHİTLER,Konut,Su,5216 ESKİ KÖY KONUT,231,5087.0
2022,9,DİKİLİ,GÖKÇEAĞIL,Konut,Su,ORMAN KÖYÜ VE ESKİ KÖYLER KONUT,112,2209.0
2023,4,KARABAĞLAR,BOZYAKA,Konut Dışı,Su,İBADETHANELER,2,355.0
2020,1,SEFERİHİSAR,DÜZCE,Tarım Hayvan,Su,ORMAN KÖYÜ VE ESKİ KÖYLER TARIM/ HAYVAN,13,499.0
2024,8,KARABURUN,EĞLENHOCA,Konut,Su,ORMAN KÖYÜ VE ESKİ KÖYLER KONUT,351,5298.0
2023,3,KARABURUN,İSKELE,Konut Dışı,Su,İBADETHANELER,1,1.0
2024,4,KEMALPAŞA,ULUCAK MUSTAFA KEMAL ATATÜRK,Konut,Su,İLÇE BELEDİYESİ BAHÇE SUYU,1,4.0
2023,3,BEYDAĞ,ERİKLİ,Konut Dışı,Su,İBADETHANELER,1,2.0
2024,1,NARLIDERE,ALTIEVLER,Konut Dışı,Su,İNŞAAT (ŞANTİYE),10,251.0
2022,2,KİRAZ,SAÇLI,Konut Dışı,Su,ORMAN KÖYÜ VE ESKİ KÖYLER İŞYERİ,1,259.0
2021,12,SELÇUK,SULTANİYE,Tarım Hayvan,Su,ORMAN KÖYÜ VE ESKİ KÖYLER TARIM/ HAYVAN,2,41.0
2023,7,KARABURUN,BOZKÖY,Sulama,Su,PARKLAR  VE  MEZARLIKLAR,1,14.0
2020,3,KINIK,YAYAKENT,Tarım Hayvan,Su,BELDE TARIM HAYVAN,5,51.0
2022,5,KINIK,YENİ,Konut Dışı,Su,BELEDİYE,4,33.0
2023,7,ÖDEMİŞ,OVACIK,Konut Dışı,Su,İNŞAAT (ŞANTİYE),1,4.0
2024,8,BALÇOVA,ONUR,Konut Dışı,Su,ÖZEL HASTANELER,1,39.0
2023,8,ÇİĞLİ,MALTEPE,Konut Dışı,Su,İBADETHANELER,1,1.0
2020,2,BEYDAĞ,SARIKAYA,Konut,Su,ORMAN KÖYÜ VE ESKİ KÖYLER KONUT,52,744.0
2024,4,BEYDAĞ,BEYKÖY,Konut Dışı,Su,İNŞAAT (ŞANTİYE),1,19.0
2021,12,ÖDEMİŞ,BİRGİ,Konut Dışı,Su,İBADETHANELER,3,93.0
2023,5,KONAK,ULUBATLI,Konut Dışı,Su,RESMİ OKUL HASTANELER,3,218.0
2022,9,ÖDEMİŞ,ÜÇ EYLÜL,Konut Dışı,Su,RESMİ OKUL HASTANELER,5,641.0
2021,10,MENDERES,ÇİLEME,Tarım Hayvan,Su,ORMAN KÖYÜ VE ESKİ KÖYLER TARIM/ HAYVAN,77,2306.0
2020,5,GAZİEMİR,ATATÜRK,Konut Dışı,Su,BELEDİYE,1,7.0
2021,8,MENEMEN,IRMAK,Konut Dışı,Su,AİLEHEKİM.RES.HAS.,1,33.0
2022,5,BERGAMA,YUKARIADA,Konut Dışı,Su,İBADETHANELER,1,398.0
2023,2,BAYINDIR,YENİ,Konut,Su,E.A.,9,85.0
2024,8,KARABURUN,EĞLENHOCA,Konut,Su,E.A.,1,23.0
2022,1,GÜZELBAHÇE,KAHRAMANDERE,Konut,Su,KONUT,1588,24998.0
2023,4,BAYRAKLI,GÜMÜŞPALA,Konut Dışı,Su,BELEDİYE,4,57.0
2021,5,GAZİEMİR,HÜRRİYET,Konut,Su,E.A.,63,667.0
2020,8,NARLIDERE,ATATÜRK,Konut,Su,ŞEHİT GAZİ,3,30.0
2020,8,SELÇUK,GÖKÇEALAN,Konut Dışı,Su,ORMAN KÖYÜ VE ESKİ KÖYLER İŞYERİ,15,1620.0
2024,7,SEFERİHİSAR,SIĞACIK,Konut Dışı,Su,AİLEHEKİM.RES.HAS.,1,1.0
2021,6,MENDERES,GÖLCÜKLER,Konut Dışı,Su,BELEDİYE,4,1043.0
2023,2,BEYDAĞ,ALAKEÇİLİ,Sulama,Su,PARKLAR  VE  MEZARLIKLAR,1,10.0
2021,7,KONAK,PAZARYERİ,Konut Dışı,Su,RESMİ OKUL HASTANELER,1,7.0
2023,7,BUCA,29 EKİM,Konut,Su,KONUT,484,9356.0
2020,7,SELÇUK,ZAFER,Sulama,Su,PARKLAR  VE  MEZARLIKLAR,2,31.0
2024,1,ALİAĞA,SAMURLU,Tarım Hayvan,Su,ORMAN KÖYÜ VE ESKİ KÖYLER TARIM/ HAYVAN,6,69.0
2023,8,GÜZELBAHÇE,KAHRAMANDERE,Konut Dışı,Su,BELEDİYE,1,65.0
2023,3,BERGAMA,HACIHAMZALAR,Konut Dışı,Su,İBADETHANELER,2,19.0
2023,10,MENEMEN,ZEYTİNLİK,Konut,Su,E.A.,46,556.0
2023,11,KİRAZ,DOĞANCILAR,Konut,Su,ORMAN KÖYÜ VE ESKİ KÖYLER KONUT,233,2558.0
2021,10,KINIK,TÜRKCEDİT,Konut Dışı,Su,BELEDİYE,1,4.0
2023,7,KARABAĞLAR,AŞIK VEYSEL,Konut,Su,KONUT,554,7875.0
2022,12,KİRAZ,CUMHURİYET,Konut Dışı,Su,FIRIN HAMAM ABONELERİ,2,59.0
2023,6,KARABAĞLAR,GÜNALTAY,Konut,Su,KONUT (S),77,858.0
2022,3,BAYRAKLI,GÜMÜŞPALA,Konut,Su,ŞEHİT GAZİ,7,80.0
2020,6,KARŞIYAKA,LATİFE HANIM,Konut Dışı,Su,FIRIN HAMAM ABONELERİ,1,133.0
2023,12,KİRAZ,TUMBULLAR,Konut,Su,ORMAN KÖYÜ VE ESKİ KÖYLER KONUT,19,158.0
2020,6,SELÇUK,HAVUTÇULU,Konut,Su,ORMAN KÖYÜ VE ESKİ KÖYLER KONUT,82,4856.0
2021,10,TORBALI,TÜRKMENKÖY,Konut Dışı,Su,AİLEHEKİM.RES.HAS.,1,30.0
2021,10,NARLIDERE,ÇATALKAYA,Konut,Su,KONUT,2115,22152.0
2024,6,KİRAZ,GEDİK,Tarım Hayvan,Su,ORMAN KÖYÜ VE ESKİ KÖYLER TARIM/ HAYVAN,4,125.0
2022,7,BALÇOVA,İNCİRALTI,Konut,Su,KONUT (S),1,7.0
2021,10,KARŞIYAKA,MUSTAFA KEMAL,Konut Dışı,Su,BELEDİYE,3,341.0
2022,4,ALİAĞA,KAZIM DİRİK,Konut,Su,İLÇE BELEDİYESİ BAHÇE SUYU,9,21.0
2024,8,TİRE,BÜYÜKKALE,Konut Dışı,Su,AİLEHEKİM.RES.HAS.,1,4.0
2022,6,BAYRAKLI,75. YIL,Sulama,Su,PARKLAR  VE  MEZARLIKLAR,1,1669.0
2021,3,SELÇUK,İSA BEY,Konut Dışı,Su,PANDEMİ İŞYERİ,56,539.0
2020,9,SEFERİHİSAR,GÖDENCE,Tarım Hayvan,Su,ORMAN KÖYÜ VE ESKİ KÖYLER TARIM/ HAYVAN,22,1094.0
2022,3,MENDERES,CÜNEYTBEY,Konut,Su,E.A.,87,975.0
2024,5,NARLIDERE,ILICA,Konut Dışı,Su,RESMİ OKUL HASTANELER,2,119.0
2022,7,KINIK,BADEMALAN,Tarım Hayvan,Su,ORMAN KÖYÜ VE ESKİ KÖYLER TARIM/ HAYVAN,4,195.0
2022,11,TORBALI,ATATÜRK,Konut,Su,KONUT,2989,31089.0
2022,9,ÖDEMİŞ,BİRGİ,Konut Dışı,Su,BELDE ŞANTİYE ABONELERİ,8,204.0
2020,1,ÇİĞLİ,ESENTEPE,Konut,Su,İLÇE BELEDİYESİ BAHÇE SUYU,1,1.0
2020,10,BAYRAKLI,MANAVKUYU,Konut,Su,ŞEHİT GAZİ,22,187.0
2023,10,ÇEŞME,SAKARYA,Konut,Su,E.A.,4,80.0
2023,7,TORBALI,KAPLANCIK,Konut Dışı,Su,ORMAN KÖYÜ VE ESKİ KÖYLER İŞYERİ,1,25.0
2024,3,MENEMEN,ATATÜRK,Tarım Hayvan,Su,İLÇE BELEDİYE TARIM / HAYVAN,1,17.0
2023,7,KİRAZ,AVUNDURUK,Konut Dışı,Su,ORMAN KÖYÜ VE ESKİ KÖYLER İŞYERİ,3,79.0
2022,5,KINIK,KALEMKÖY,Konut Dışı,Su,İBADETHANELER,1,8.0
2021,11,BUCA,MUSTAFA KEMAL,Konut Dışı,Atıksu,KUYU ATIK SU İŞYERİ,6,222.0
2023,8,SELÇUK,BELEVİ,Konut,Su,BELDE BAHÇE ABONELERİ,4,172.0
2023,8,SELÇUK,ZAFER,Sanayi,Atıksu,KUYU ATIK SU SANAYİ,1,30.0
2022,3,BORNOVA,GÜRPINAR,Sanayi,Atıksu,KUYU ATIK SU SANAYİ,1,465.0
2023,12,MENEMEN,UĞUR MUMCU,Konut Dışı,Su,RESMİ DAİRE,3,92.0
2021,8,KARABAĞLAR,LİMONTEPE,Konut Dışı,Su,İŞYERİ,19,81.0
2022,5,MENDERES,GÜMÜLDÜR İNÖNÜ,Konut,Su,E.A.,13,109.0
2021,1,TİRE,ERTUĞRUL,Konut Dışı,Su,RESMİ DAİRE,1,1.0
2022,1,GÜZELBAHÇE,YAKA,Konut Dışı,Su,İŞYERİ,7,97.0
2024,6,TİRE,ATATÜRK,Konut Dışı,Su,BELEDİYE,6,692.0
2022,2,KARABAĞLAR,FAHRETTİN ALTAY,Konut Dışı,Su,RESMİ DAİRE,11,332.0
2023,10,BERGAMA,ATMACA,Konut Dışı,Su,RESMİ OKUL HASTANELER,1,132.0
2021,7,ÇEŞME,İSMET İNÖNÜ,Konut Dışı,Su,BELEDİYE,14,1309.0
2021,4,ÖDEMİŞ,HÜRRİYET,Tarım Hayvan,Su,İLÇE BELEDİYE TARIM / HAYVAN,39,829.0
2022,4,KEMALPAŞA,ÖRNEKKÖY,Konut Dışı,Su,RESMİ OKUL HASTANELER,1,133.0
2021,2,MENDERES,ÇİLEME,Konut Dışı,Su,ORMAN KÖYÜ VE ESKİ KÖYLER İŞYERİ,9,88.0
2022,12,DİKİLİ,SALİMBEY,Konut,Su,İLÇE BELEDİYESİ BAHÇE SUYU,3,28.0
2021,7,ÇİĞLİ,YENİ MAHALLE,Konut Dışı,Su,İBADETHANELER,1,21.0
2023,10,TORBALI,NAİME,Konut Dışı,Su,BELEDİYE,1,7.0
2021,9,BORNOVA,ÜMİT,Konut,Su,E.A.,38,470.0
2021,12,KONAK,İSMET KAPTAN,Konut Dışı,Su,BELEDİYE,1,11.0
2023,7,BUCA,BUCA KOOP,Sulama,Su,PARKLAR  VE  MEZARLIKLAR,7,2103.0
2022,1,BUCA,ÇAMLIKULE,Konut,Su,ŞEHİT GAZİ,8,98.0
2024,9,BALÇOVA,EĞİTİM,Konut,Su,KONUT,3206,30104.0
2024,9,URLA,ALTINTAŞ,Konut,Su,KONUT,305,3670.0
2022,10,SELÇUK,14 MAYIS,Konut,Su,KONUT (S),46,542.0
2024,4,BORNOVA,BİRLİK,Konut,Su,KONUT (S),4,115.0
2021,3,KİRAZ,VELİLER,Tarım Hayvan,Su,ORMAN KÖYÜ VE ESKİ KÖYLER TARIM/ HAYVAN,27,769.0
2020,8,BAYINDIR,BIYIKLAR,Konut,Su,ŞEHİT GAZİ,2,34.0
2023,8,KARŞIYAKA,DEMİRKÖPRÜ,Konut,Atıksu,KUYU ATIK SU KONUT,5,31.0
2024,3,KARABURUN,İNECİK,Konut Dışı,Su,ORMAN KÖYÜ VE ESKİ KÖYLER İŞYERİ,9,88.0
2020,10,BAYINDIR,ALANKÖY,Konut Dışı,Su,ORMAN KÖYÜ VE ESKİ KÖYLER İŞYERİ,1,10.0
2024,8,SEFERİHİSAR,BENGİLER,Konut Dışı,Su,RESMİ DAİRE,1,3.0
2022,4,KARABURUN,HASSEKİ,Tarım Hayvan,Su,ORMAN KÖYÜ VE ESKİ KÖYLER TARIM/ HAYVAN,3,5.0
2023,6,ÇEŞME,ÇİFTLİK,Sulama,Su,PARKLAR  VE  MEZARLIKLAR,1,136.0
2023,4,BEYDAĞ,YUKARITOSUNLAR,Konut,Su,KÖY ŞEHİT GAZİ,2,27.0
2022,9,KARABURUN,BOZKÖY,Konut Dışı,Su,BELEDİYE,2,15.0
2021,10,BEYDAĞ,YAĞCILAR,Tarım Hayvan,Su,ORMAN KÖYÜ VE ESKİ KÖYLER TARIM/ HAYVAN,7,298.0
2021,7,GAZİEMİR,BEYAZEVLER,Konut Dışı,Su,RESMİ OKUL HASTANELER,3,69.0
2023,3,KİRAZ,CUMHURİYET,Konut Dışı,Su,İNŞAAT (ŞANTİYE),7,53.0
2023,12,MENEMEN,ESATPAŞA,Konut Dışı,Su,RESMİ DAİRE,10,312.0
2022,8,MENDERES,GÖLCÜKLER,Tarım Hayvan,Su,İLÇE BELEDİYE TARIM / HAYVAN,3,185.0
2024,4,BUCA,FIRAT,Konut Dışı,Atıksu,K.ATIKSU FIRIN - HAMAM,1,22.0
2022,8,BEYDAĞ,BEYKÖY,Konut,Su,E.A.,8,107.0
2024,2,ÇİĞLİ,EVKA-5,Konut Dışı,Su,RESMİ OKUL HASTANELER,4,713.0
2023,6,KARŞIYAKA,BAHARİYE,Konut Dışı,Atıksu,KUYU ATIK SU İŞYERİ,3,42.0
2021,9,BAYINDIR,GAZİLER,Konut,Su,ORMAN KÖYÜ VE ESKİ KÖYLER KONUT,31,231.0
2024,6,BORNOVA,YEŞİLOVA,Konut,Su,KONUT (AFET),6,69.0
2024,8,BEYDAĞ,ATATÜRK,Konut Dışı,Su,BELEDİYE,6,245.0
2021,11,GAZİEMİR,ATATÜRK,Konut Dışı,Su,AİLEHEKİM.RES.HAS.,1,8.0
2022,1,KARŞIYAKA,MAVİŞEHİR,Konut Dışı,Atıksu,KUYU ATIKSU ÖZEL OKUL,1,82.0
2022,12,KİRAZ,KARABURÇ,Konut,Su,ORMAN KÖYÜ VE ESKİ KÖYLER KONUT,591,13066.0
2022,5,BUCA,İZKENT,Konut,Su,KONUT (S),13,135.0
2021,5,BAYRAKLI,OSMANGAZİ,Konut Dışı,Atıksu,KUYU ATIK SU İŞYERİ,2,18.0
2023,8,MENDERES,MİTHATPAŞA,Konut Dışı,Su,RESMİ OKUL HASTANELER,1,66.0
2023,3,SEFERİHİSAR,PAYAMLI,Konut Dışı,Su,İŞYERİ,39,394.0
2023,4,KARABURUN,KÜÇÜKBAHÇE,Tarım Hayvan,Su,ORMAN KÖYÜ VE ESKİ KÖYLER TARIM/ HAYVAN,1,1.0
2023,9,BERGAMA,SARICAOĞLU,Tarım Hayvan,Su,ORMAN KÖYÜ VE ESKİ KÖYLER TARIM/ HAYVAN,4,18.0
2020,7,ÇEŞME,GERMİYAN,Konut,Su,ORMAN KÖYÜ VE ESKİ KÖYLER KONUT,5,17859.0
2021,1,BAYINDIR,ÇIRPI CAMİ,Konut Dışı,Su,RESMİ DAİRE,2,19.0
2021,1,NARLIDERE,NARLI,Konut,Su,İLÇE BELEDİYESİ BAHÇE SUYU,7,20.0
2023,4,MENDERES,OĞLANANASI CUMHURİYET,Konut,Su,KONUT (AFET),1,5.0
2023,5,KARABURUN,KÜÇÜKBAHÇE,Konut Dışı,Su,İBADETHANELER,1,6.0
2023,8,SELÇUK,14 MAYIS,Konut Dışı,Su,İBADETHANELER,2,117.0
2020,3,ÖDEMİŞ,KAYMAKÇI,Sulama,Su,PARKLAR  VE  MEZARLIKLAR,1,54.0
2021,9,FOÇA,ILIPINAR,Konut,Atıksu,KUYU ATIK SU KONUT,1,1.0
2024,7,GAZİEMİR,HÜRRİYET,Konut Dışı,Su,İBADETHANELER,1,114.0
2024,9,BAYRAKLI,ONUR,Konut Dışı,Su,İŞYERİ,7,60.0
2022,8,KONAK,İSMET PAŞA,Konut,Su,ŞEHİT GAZİ,2,91.0
2024,5,KINIK,MISTIKLAR,Konut Dışı,Atıksu,KUYU ATIK SU İŞYERİ,1,30.0
2023,11,NARLIDERE,YENİKALE,Konut Dışı,Su,İBADETHANELER,1,35.0
2022,8,TORBALI,ÖZBEY,Konut Dışı,Su,RESMİ OKUL HASTANELER,2,107.0
2022,10,NARLIDERE,ILICA,Konut Dışı,Su,TURİSTİK TESİS,1,1007.0
2020,7,ALİAĞA,ÖRNEKKENT,Konut Dışı,Su,BELEDİYE,1,2.0
2021,4,BAYINDIR,KIZILOBA,Konut Dışı,Su,İBADETHANELER,1,18.0
2022,12,KARŞIYAKA,ŞEMİKLER,Konut Dışı,Su,İNŞAAT (ŞANTİYE),1,8.0
2021,2,BEYDAĞ,CUMHURİYET,Konut Dışı,Su,İBADETHANELER,2,24.0
2022,12,BEYDAĞ,AKTEPE,Konut Dışı,Su,İBADETHANELER,2,13.0
2020,6,KARABAĞLAR,OSMAN AKSÜNER,Sanayi,Su,SANAYİ,1,3.0
2024,7,BEYDAĞ,ALAKEÇİLİ,Konut Dışı,Su,ORMAN KÖYÜ VE ESKİ KÖYLER İŞYERİ,1,23.0
2023,5,KARABAĞLAR,GÜNALTAY,Konut,Su,İLÇE BELEDİYESİ BAHÇE SUYU,2,4.0
2022,7,GÜZELBAHÇE,MALTEPE,Konut Dışı,Su,İBADETHANELER,1,21.0
2020,11,MENEMEN,YANIKKÖY,Konut Dışı,Su,İŞYERİ,1,1.0
2023,1,GÜZELBAHÇE,YELKİ,Konut Dışı,Su,BAKIMEVLERİ,1,124.0
2022,5,TİRE,TURGUTLU,Konut,Su,ORMAN KÖYÜ VE ESKİ KÖYLER KONUT,37,1294.0
2023,3,BAYINDIR,KARAHALİLLİ,Konut,Su,KÖY ENGELLİ,1,4.0
2024,3,NARLIDERE,NARLI,Konut,Su,ŞEHİT GAZİ,17,175.0
2022,8,BORNOVA,DOĞANLAR,Konut,Su,E.A.,145,1973.0
2020,6,BORNOVA,NALDÖKEN,Konut Dışı,Su,İBADETHANELER,1,88.0
2020,1,KARABURUN,İNECİK,Konut Dışı,Su,ORMAN KÖYÜ VE ESKİ KÖYLER İŞYERİ,8,130.0
2020,2,FOÇA,KAZIM DİRİK,Konut,Su,ŞEHİT GAZİ,1,7.0
2024,4,GÜZELBAHÇE,YELKİ,Konut Dışı,Su,BAKIMEVLERİ,1,106.0
2023,7,BAYINDIR,CUMHURİYET,Konut Dışı,Su,RESMİ OKUL HASTANELER,1,188.0
2024,9,GAZİEMİR,DOKUZ EYLÜL,Konut Dışı,Su,FIRIN HAMAM ABONELERİ,2,6.0
2020,2,GAZİEMİR,BİNBAŞI REŞATBEY,Konut Dışı,Su,RESMİ DAİRE,2,262.0
2021,2,ÇEŞME,İSMET İNÖNÜ,Sulama,Su,PARKLAR  VE  MEZARLIKLAR,16,89528.0
2022,7,DİKİLİ,SALİMBEY,Konut Dışı,Su,BELEDİYE,1,207.0
2022,12,KONAK,BOĞAZİÇİ,Konut Dışı,Su,FIRIN HAMAM ABONELERİ,1,21.0
2024,6,ÖDEMİŞ,HÜRRİYET,Konut Dışı,Su,RESMİ DAİRE,6,266.0
2024,2,KEMALPAŞA,AŞAĞI YENMİŞ,Tarım Hayvan,Su,ORMAN KÖYÜ VE ESKİ KÖYLER TARIM/ HAYVAN,1,15.0
2022,9,KARABURUN,MORDOĞAN,Konut Dışı,Su,BELDE İŞYERİ ABONELERİ,168,5481.0
2022,9,BAYRAKLI,75. YIL,Konut,Su,ŞEHİT GAZİ,2,24.0
2021,7,TİRE,İPEKÇİLER,Konut Dışı,Su,İŞYERİ,219,2095.0
2023,11,TİRE,YENİOBA,Konut,Su,ORMAN KÖYÜ VE ESKİ KÖYLER KONUT,105,1826.0
2023,7,GÜZELBAHÇE,PAYAMLI,Konut,Su,ORMAN KÖYÜ VE ESKİ KÖYLER KONUT,96,2048.0
2024,3,BUCA,AKINCILAR,Konut,Su,İLÇE BELEDİYESİ BAHÇE SUYU,2,13.0
2023,2,KİRAZ,AVUNDURUK,Konut,Su,KÖY ENGELLİ,1,7.0
2020,2,TİRE,TOKİ,Konut,Su,ŞEHİT GAZİ,2,13.0
2024,4,ÇEŞME,ILICA,Konut Dışı,Su,İŞYERİ,116,6959.0
2024,5,URLA,HACI İSA,Konut,Su,KONUT,569,5483.0
2020,5,GÜZELBAHÇE,ATATÜRK,Sulama,Su,PARKLAR  VE  MEZARLIKLAR,7,845.0
2023,7,KARABURUN,İSKELE,Konut,Su,ŞEHİT GAZİ,3,52.0
2022,4,BAYRAKLI,MANSUROĞLU,Konut Dışı,Su,BELEDİYE,2,5.0
2021,11,TORBALI,ŞEHİTLER,Tarım Hayvan,Su,5216 ESKİ KÖY TARIM HAYVAN,4,58.0
2023,3,MENEMEN,İSTİKLAL,Konut,Su,İLÇE BELEDİYESİ BAHÇE SUYU,3,8.0
2020,7,DİKİLİ,DELİKTAŞ,Tarım Hayvan,Su,ORMAN KÖYÜ VE ESKİ KÖYLER TARIM/ HAYVAN,16,1655.0
2022,6,ÇİĞLİ,YENİ MAHALLE,Konut Dışı,Su,İBADETHANELER,2,36.0
2022,2,KARABAĞLAR,ARAP HASAN,Konut Dışı,Su,İŞYERİ,351,2046.0
2020,8,BALÇOVA,KORUTÜRK,Konut Dışı,Su,RESMİ DAİRE,4,377.0
2021,7,GÜZELBAHÇE,ÇELEBİ,Tarım Hayvan,Su,İLÇE BELEDİYE TARIM / HAYVAN,1,31.0
2022,7,TORBALI,KAZIM KARABEKİR,Konut Dışı,Su,5216 ESKİ KÖY İŞYERİ,1,1.0
2020,9,BAYRAKLI,YAMANLAR,Konut,Su,E.A.,209,3309.0
2021,11,DİKİLİ,KIROBA,Konut,Su,ORMAN KÖYÜ VE ESKİ KÖYLER KONUT,37,1510.0
2021,11,DİKİLİ,SALİHLER,Konut,Atıksu,KUYU ATIK SU KONUT,14,114.0
2021,4,TORBALI,TEPEKÖY,Konut Dışı,Atıksu,K.ATIKSU TURİSTİK TESİS,1,170.0
2024,5,FOÇA,CUMHURİYET,Konut Dışı,Atıksu,KUYU ATIK SU İŞYERİ,1,27.0
2022,10,GAZİEMİR,FATİH,Sanayi,Atıksu,KUYU ATIK SU SANAYİ,4,7058.0
2020,7,TİRE,YENİ,Konut Dışı,Su,İNŞAAT (ŞANTİYE),3,51.0
2022,1,ÖDEMİŞ,GERELİ,Konut,Su,ORMAN KÖYÜ VE ESKİ KÖYLER KONUT,237,6486.0
2020,3,SEFERİHİSAR,TURABİYE,Konut Dışı,Atıksu,KUYU ATIK SU İŞYERİ,1,9.0
2022,10,DİKİLİ,UZUNBURUN,Tarım Hayvan,Su,ORMAN KÖYÜ VE ESKİ KÖYLER TARIM/ HAYVAN,1,37.0
2022,11,BAYRAKLI,POSTACILAR,Konut Dışı,Atıksu,KUYU ATIK SU İŞYERİ,2,25.0
2022,3,BUCA,ÇAMLIK,Konut Dışı,Su,BELEDİYE,2,2864.0
2022,1,TİRE,CUMHURİYET,Konut,Su,E.A.,46,416.0
2023,3,URLA,TORASAN,Konut Dışı,Atıksu,KUYU ATIK SU İŞYERİ,1,23.0
2021,10,ÇEŞME,FAHRETTİNPAŞA,Konut Dışı,Su,İNŞAAT (ŞANTİYE),5,318.0
2024,4,MENEMEN,ÇAVUŞ,Konut Dışı,Su,İBADETHANELER,1,4.0
2020,5,SEFERİHİSAR,TEPECİK,Konut,Su,KONUT,2,73.0
2020,11,KARABAĞLAR,ARAP HASAN,Konut,Su,KONUT,3512,31392.0
2023,8,KONAK,SAYGI,Konut Dışı,Su,İŞYERİ,29,281.0
2020,4,KEMALPAŞA,VİŞNELİ,Tarım Hayvan,Su,ORMAN KÖYÜ VE ESKİ KÖYLER TARIM/ HAYVAN,1,45.0
2023,6,KARŞIYAKA,YALI,Konut Dışı,Su,İŞYERİ,834,24910.0
2021,2,KONAK,MERSİNLİ,Konut Dışı,Su,BELEDİYE,4,707.0
2021,3,BEYDAĞ,YAĞCILAR,Konut,Su,ORMAN KÖYÜ VE ESKİ KÖYLER KONUT,158,2038.0
2024,2,GAZİEMİR,GAZİ,Konut Dışı,Atıksu,K.ATIKSU FIRIN - HAMAM,1,86.0
2023,11,ÇEŞME,İSMET İNÖNÜ,Konut,Su,E.A.,15,183.0
2022,5,BALÇOVA,EĞİTİM,Konut,Su,ŞEHİT GAZİ,16,176.0
2023,4,MENEMEN,SÜLEYMANLI,Konut,Su,KÖY ENGELLİ,3,67.0
2023,12,ÇEŞME,FAHRETTİNPAŞA,Konut,Su,E.A.,4,37.0
2022,2,GÜZELBAHÇE,ÇAMLI,Konut Dışı,Su,İBADETHANELER,1,9.0
2022,10,KİRAZ,SARIKAYA,Tarım Hayvan,Su,ORMAN KÖYÜ VE ESKİ KÖYLER TARIM/ HAYVAN,4,108.0
2020,12,ÇEŞME,REİSDERE,Konut Dışı,Su,İNŞAAT (ŞANTİYE),20,658.0
2020,11,NARLIDERE,LİMANREİS,Konut,Su,İLÇE BELEDİYESİ BAHÇE SUYU,37,357.0
2022,4,KİRAZ,YENİŞEHİR,Konut Dışı,Su,ORMAN KÖYÜ VE ESKİ KÖYLER İŞYERİ,1,2.0
2022,2,BEYDAĞ,ADAKÜRE,Konut Dışı,Su,ORMAN KÖYÜ VE ESKİ KÖYLER İŞYERİ,4,260.0
2024,8,ÇİĞLİ,MALTEPE,Konut Dışı,Su,ÖZEL OKULLAR,1,141.0
2024,5,MENEMEN,85.YIL CUMHURİYET,Konut Dışı,Su,BELEDİYE,5,2785.0
2021,7,BORNOVA,KAZIMDİRİK,Konut Dışı,Su,ÖZEL HASTANELER,1,46.0
2023,7,GÜZELBAHÇE,SİTELER,Konut Dışı,Atıksu,KUYU ATIK SU İŞYERİ,1,90.0
2021,5,ÇİĞLİ,UĞUR MUMCU,Konut Dışı,Su,İNŞAAT (ŞANTİYE),1,15.0
2021,1,NARLIDERE,ATATÜRK,Konut Dışı,Su,İŞYERİ,2,11.0
2021,3,GÜZELBAHÇE,KAHRAMANDERE,Konut Dışı,Su,FIRIN HAMAM ABONELERİ,1,11.0
2020,6,FOÇA,ATATÜRK,Konut Dışı,Su,İŞYERİ,133,2925.0
2022,7,BUCA,İNKILAP,Sanayi,Su,SANAYİ,1,88.0
2021,4,BORNOVA,EVKA 4,Konut Dışı,Su,İŞYERİ,50,626.0
2020,4,KEMALPAŞA,YUKARIKIZILCA MERKEZ,Konut Dışı,Su,RESMİ DAİRE,1,1.0
2024,4,URLA,ŞİRİNKENT,Konut Dışı,Su,İNŞAAT (ŞANTİYE),3,8.0
2021,3,KARŞIYAKA,ZÜBEYDE HANIM,Konut,Su,İLÇE BELEDİYESİ BAHÇE SUYU,10,16.0
2022,8,ÇEŞME,ALTINKUM,Konut,Su,E.A.,3,79.0
2020,11,GÜZELBAHÇE,YAKA,Konut,Su,KONUT,151,2471.0
2021,3,BORNOVA,EĞRİDERE,Tarım Hayvan,Su,ORMAN KÖYÜ VE ESKİ KÖYLER TARIM/ HAYVAN,56,1457.0
2023,4,BORNOVA,ÜMİT,Konut,Su,E.A.,37,474.0
2021,12,URLA,BARBAROS,Konut,Su,ORMAN KÖYÜ VE ESKİ KÖYLER KONUT,1,63.0
2022,5,MENDERES,ÇAMÖNÜ,Konut,Su,KÖY ŞEHİT GAZİ,3,40.0
2023,6,ALİAĞA,HACIÖMERLİ,Tarım Hayvan,Su,ORMAN KÖYÜ VE ESKİ KÖYLER TARIM/ HAYVAN,28,589.0
2022,2,BAYRAKLI,MANSUROĞLU,Konut,Su,İLÇE BELEDİYESİ BAHÇE SUYU,3,17.0
2022,3,BEYDAĞ,YUKARITOSUNLAR,Konut Dışı,Su,İBADETHANELER,1,2.0
2022,12,KINIK,TÜRKCEDİT,Konut,Su,KONUT,658,6785.0
2020,1,ÖDEMİŞ,UMURBEY,Konut Dışı,Su,TURİSTİK TESİS,1,282.0
2021,3,KEMALPAŞA,YEŞİLKÖY,Tarım Hayvan,Su,ORMAN KÖYÜ VE ESKİ KÖYLER TARIM/ HAYVAN,2,13.0
2024,8,BAYINDIR,ALANKIYI,Tarım Hayvan,Su,ORMAN KÖYÜ VE ESKİ KÖYLER TARIM/ HAYVAN,60,1902.0
2021,5,GAZİEMİR,ZAFER,Konut Dışı,Su,BELEDİYE,1,1.0
2021,12,KARABAĞLAR,BAHAR,Konut Dışı,Su,BELEDİYE,1,4.0
2021,8,KINIK,KÖSELER,Tarım Hayvan,Su,ORMAN KÖYÜ VE ESKİ KÖYLER TARIM/ HAYVAN,4,44.0
2020,2,KEMALPAŞA,HALİLBEYLİ,Tarım Hayvan,Su,5216 ESKİ KÖY TARIM HAYVAN,109,6305.0
2022,1,GÜZELBAHÇE,PAYAMLI,Tarım Hayvan,Su,ORMAN KÖYÜ VE ESKİ KÖYLER TARIM/ HAYVAN,5,63.0
2020,2,BAYINDIR,HASKÖY,Konut Dışı,Su,RESMİ DAİRE İÇME SUYU,1,15.0
2023,6,URLA,RÜSTEM,Konut,Su,E.A.,6,54.0
2023,5,MENEMEN,MERMERLİ,Konut Dışı,Su,İŞYERİ,484,3054.0
2023,6,BERGAMA,TURABEY,Konut Dışı,Su,İŞYERİ,92,690.0
2022,2,MENDERES,ÇAMÖNÜ,Konut,Su,ORMAN KÖYÜ VE ESKİ KÖYLER KONUT,465,6999.0
2024,7,DİKİLİ,İSLAMLAR,Konut Dışı,Su,ORMAN KÖYÜ VE ESKİ KÖYLER İŞYERİ,2,74.0
2020,2,BORNOVA,KIZILAY,Konut Dışı,Su,ÖZEL OKULLAR,2,492.0
2020,7,BEYDAĞ,ERİKLİ,Konut,Su,ORMAN KÖYÜ VE ESKİ KÖYLER KONUT,163,3015.0
2024,8,MENDERES,ORTA,Tarım Hayvan,Su,İLÇE BELEDİYE TARIM / HAYVAN,2,15.0
2023,5,MENEMEN,29 EKİM,Sanayi,Su,SANAYİ,8,505.0
2024,1,KARABURUN,MERKEZ,Konut,Su,ŞEHİT GAZİ,2,6.0
2023,6,ÖDEMİŞ,BADEMLİ,Tarım Hayvan,Su,BELDE TARIM HAYVAN,20,432.0
2024,2,KİRAZ,VELİLER,Konut,Su,KÖY ŞEHİT GAZİ,1,26.0
2023,2,TİRE,YENİ,Konut,Su,KONUT (S),6,19.0
2021,2,GÜZELBAHÇE,MUSTAFA KEMAL PAŞA,Konut,Atıksu,KUYU ATIK SU KONUT,1,135.0
2024,8,GAZİEMİR,GAZİ,Konut Dışı,Su,RESMİ DAİRE,1,8.0
2021,3,MENEMEN,İSMET İNÖNÜ,Konut Dışı,Su,İŞYERİ,75,559.0
2022,2,ALİAĞA,KARAKUZU,Tarım Hayvan,Su,ORMAN KÖYÜ VE ESKİ KÖYLER TARIM/ HAYVAN,55,294.0
2022,3,ÖDEMİŞ,KAYAKÖY,Konut Dışı,Su,İBADETHANELER,3,17.0
2024,7,FOÇA,KOZBEYLİ,Konut Dışı,Su,İBADETHANELER,1,5.0
2022,1,BORNOVA,KARACAOĞLAN,Sanayi,Su,SANAYİ,3,72.0
2024,2,ALİAĞA,ÇALTILIDERE,Konut Dışı,Su,ORMAN KÖYÜ VE ESKİ KÖYLER İŞYERİ,8,101.0
2024,1,MENDERES,ORTA,Konut Dışı,Su,RESMİ DAİRE,1,28.0
2022,5,GAZİEMİR,MENDERES,Konut,Su,E.A.,70,959.0
2022,9,ÖDEMİŞ,YILANLI,Konut,Su,ORMAN KÖYÜ VE ESKİ KÖYLER KONUT,51,561.0
2024,4,ALİAĞA,KÜLTÜR,Konut Dışı,Su,İŞYERİ,639,6878.0
2020,10,GAZİEMİR,FATİH,Konut Dışı,Su,İŞYERİ,262,14323.0
2020,10,BERGAMA,MAHMUDİYE,Konut,Su,ORMAN KÖYÜ VE ESKİ KÖYLER KONUT,4,58.0
2020,1,BAYINDIR,GAZİLER,Sulama,Su,PARKLAR  VE  MEZARLIKLAR,1,38.0
2023,11,KARABAĞLAR,UĞUR MUMCU,Konut Dışı,Su,RESMİ OKUL HASTANELER,1,437.0
2022,2,KEMALPAŞA,SEKİZ EYLÜL,Konut Dışı,Su,BELEDİYE,3,21.0
2021,9,KINIK,POYRACIK,Konut,Su,BELDE ENGELLİ ABONELERİ,24,409.0
2020,1,NARLIDERE,LİMANREİS,Konut Dışı,Su,RESMİ DAİRE,2,30.0
2024,8,ÇEŞME,BOYALIK,Konut,Su,E.A.,10,210.0
2022,5,GÜZELBAHÇE,MUSTAFA KEMAL PAŞA,Konut,Su,KONUT,1276,21035.0
2023,4,ÖDEMİŞ,BOZCAYAKA,Konut Dışı,Su,ORMAN KÖYÜ VE ESKİ KÖYLER İŞYERİ,2,23.0
2020,2,KEMALPAŞA,SOĞUKPINAR,Tarım Hayvan,Su,İLÇE BELEDİYE TARIM / HAYVAN,5,30.0
2021,1,ÇEŞME,CELAL BAYAR,Konut Dışı,Su,İNŞAAT (ŞANTİYE),3,86.0
2023,11,BUCA,GÖKSU,Konut,Su,KONUT (AFET),8,127.0
2022,5,BORNOVA,YUNUS EMRE,Konut Dışı,Su,İNŞAAT (ŞANTİYE),4,163.0
2022,10,DİKİLİ,İSMETPAŞA,Konut Dışı,Su,AİLEHEKİM.RES.HAS.,1,231.0
2020,9,BORNOVA,MERKEZ,Konut,Su,KONUT,1560,24141.0
2024,2,ÖDEMİŞ,ÇAYLI,Konut Dışı,Su,RESMİ OKUL HASTANELER,1,56.0
2021,11,KEMALPAŞA,YUKARIKIZILCA MERKEZ,Tarım Hayvan,Su,İLÇE BELEDİYE TARIM / HAYVAN,74,2441.0
2024,5,SEFERİHİSAR,CUMHURİYET,Konut,Su,KONUT,2236,15586.0
2020,10,DİKİLİ,MERDİVENLİ,Konut,Su,ORMAN KÖYÜ VE ESKİ KÖYLER KONUT,55,3672.0
2020,10,GÜZELBAHÇE,SİTELER,Konut Dışı,Su,İŞYERİ,36,1119.0
2020,10,GÜZELBAHÇE,YELKİ,Konut Dışı,Su,İŞYERİ,192,2840.0
2021,7,KONAK,CENGİZ TOPEL,Konut,Su,E.A.,21,294.0
2022,10,ÖDEMİŞ,EMMİOĞLU,Konut Dışı,Su,İBADETHANELER,3,58.0
2023,7,TORBALI,YAZIBAŞI,Sanayi,Su,SANAYİ,62,5798.0
2020,6,SELÇUK,14 MAYIS,Konut Dışı,Atıksu,KUYU ATIK SU İŞYERİ,1,1.0
2021,1,BERGAMA,TURABEY,Konut,Su,E.A.,16,106.0
2022,1,KARŞIYAKA,AKSOY,Konut Dışı,Su,BAKIMEVLERİ,1,2.0
2024,9,KINIK,YAYAKENT,Konut,Su,BELDE KONUT ABONELERİ,7,72.0
2022,6,MENDERES,BULGURCA,Konut,Su,5216 ESKİ KÖY KONUT,2,25.0
2023,2,NARLIDERE,ILICA,Konut Dışı,Su,İNŞAAT (ŞANTİYE),5,601.0
2020,2,BALÇOVA,İNCİRALTI,Konut Dışı,Su,ÖZEL OKULLAR,1,109.0
2020,9,BUCA,ÇAMLIKULE,Sulama,Su,PARKLAR  VE  MEZARLIKLAR,7,1539.0
2020,12,GÜZELBAHÇE,MUSTAFA KEMAL PAŞA,Konut,Su,İLÇE BELEDİYESİ BAHÇE SUYU,129,751.0
2022,1,MENDERES,DEĞİRMENDERE,Konut,Su,İLÇE BELEDİYESİ BAHÇE SUYU,1,2.0
2020,2,BERGAMA,SARIDERE,Tarım Hayvan,Su,ORMAN KÖYÜ VE ESKİ KÖYLER TARIM/ HAYVAN,4,284.0
2022,11,SELÇUK,ATATÜRK,Konut Dışı,Su,RESMİ DAİRE,17,584.0
2022,7,KEMALPAŞA,MEHMET AKİF ERSOY,Konut,Su,KONUT,5714,59323.0
2021,5,GAZİEMİR,ZAFER,Konut Dışı,Su,İBADETHANELER,1,38.0
2023,6,KEMALPAŞA,ARMUTLU HÜRRİYET,Konut Dışı,Su,RESMİ OKUL HASTANELER,2,195.0
2021,11,KARABURUN,İSKELE,Konut Dışı,Su,BELEDİYE,3,41.0
2024,7,BALÇOVA,BAHÇELERARASI,Konut Dışı,Su,RESMİ DAİRE,2,3706.0
2024,7,URLA,ALTINTAŞ,Konut Dışı,Su,İBADETHANELER,1,6.0
2022,9,TORBALI,SAĞLIK,Konut Dışı,Su,ORMAN KÖYÜ VE ESKİ KÖYLER İŞYERİ,1,18.0
2020,2,KİRAZ,AYDOĞDU,Konut Dışı,Su,ORMAN KÖYÜ VE ESKİ KÖYLER İŞYERİ,3,91.0
2023,9,KARABURUN,SAİP,Sulama,Su,PARKLAR  VE  MEZARLIKLAR,2,14.0
2020,9,ÇEŞME,ALAÇATI,Konut Dışı,Atıksu,KUYU ATIK SU İŞYERİ,7,6090.0
2022,11,KARABAĞLAR,YÜZBAŞI ŞERAFETTİN,Konut,Su,KONUT (S),71,1015.0
2024,7,MENEMEN,İSMET İNÖNÜ,Konut Dışı,Su,RESMİ DAİRE,1,2.0
2020,8,ÇEŞME,ÇİFTLİK,Konut Dışı,Su,RESMİ OKUL HASTANELER,1,11.0
2024,1,NARLIDERE,ÇAMTEPE,Konut,Su,KONUT,1985,22031.0
2022,9,BEYDAĞ,ERİKLİ,Konut Dışı,Su,ORMAN KÖYÜ VE ESKİ KÖYLER İŞYERİ,4,31.0
2024,3,KARŞIYAKA,İMBATLI,Konut Dışı,Su,İBADETHANELER,2,69.0
2023,1,BUCA,YAYLACIK,Konut Dışı,Su,BELEDİYE,2,26.0
2024,7,KARABAĞLAR,BARIŞ,Konut Dışı,Atıksu,KUYU ATIK SU İŞYERİ,2,94.0
2024,6,ALİAĞA,KARAKUZU,Konut Dışı,Su,İBADETHANELER,1,55.0
2022,2,ALİAĞA,SİTELER,Konut,Su,İLÇE BELEDİYESİ BAHÇE SUYU,4,41.0
2023,3,BORNOVA,BARBAROS,Konut Dışı,Su,RESMİ OKUL HASTANELER,2,65.0
2022,12,SELÇUK,ATATÜRK,Konut Dışı,Su,İŞYERİ,555,6124.0
2022,7,KİRAZ,YENİKÖY,Tarım Hayvan,Su,ORMAN KÖYÜ VE ESKİ KÖYLER TARIM/ HAYVAN,20,1265.0
2020,7,ÖDEMİŞ,TÜRKMEN,Konut Dışı,Su,İNŞAAT (ŞANTİYE),15,1058.0
2020,4,BERGAMA,NARLICA,Konut Dışı,Su,RESMİ OKUL HASTANELER,1,2.0
2022,9,URLA,CAMİATİK,Konut,Su,KONUT,188,2357.0
2022,1,ALİAĞA,SİTELER,Konut Dışı,Su,AİLEHEKİM.RES.HAS.,1,5.0
2023,2,ÖDEMİŞ,YEŞİLKÖY,Konut,Su,ORMAN KÖYÜ VE ESKİ KÖYLER KONUT,60,816.0
2022,3,MENEMEN,İNÖNÜ,Konut,Su,E.A.,9,61.0
2023,8,KEMALPAŞA,KUYUCAK,Konut Dışı,Su,İBADETHANELER,2,41.0
2021,2,KARABAĞLAR,SARIYER,Konut Dışı,Su,İŞYERİ,20,166.0
2022,12,KINIK,OSMANİYE,Konut,Su,KONUT (S),10,110.0
2024,4,KINIK,HAMZAHOCALI,Konut,Su,ORMAN KÖYÜ VE ESKİ KÖYLER KONUT,106,1412.0
2022,10,KARABAĞLAR,TAHSİN YAZICI,Konut Dışı,Su,RESMİ OKUL HASTANELER,1,15.0
2020,8,KINIK,OSMANİYE,Konut Dışı,Su,RESMİ DAİRE,1,4.0
2023,6,BEYDAĞ,YAĞCILAR,Konut Dışı,Su,İBADETHANELER,1,1.0
2022,5,ALİAĞA,ÇALTILIDERE,Konut Dışı,Su,İNŞAAT (ŞANTİYE),1,12.0
2022,7,BORNOVA,DOĞANLAR,Sanayi,Su,SANAYİ,2,48.0
2021,12,GÜZELBAHÇE,YALI,Konut Dışı,Su,FIRIN HAMAM ABONELERİ,1,2.0
2021,11,ALİAĞA,SİTELER,Konut,Su,ŞEHİT GAZİ,2,11.0
2024,2,BAYINDIR,FATİH,Konut Dışı,Su,İŞYERİ,97,564.0
2023,5,BORNOVA,MEVLANA,Konut Dışı,Su,RESMİ DAİRE,5,3472.0
2020,8,BALÇOVA,BAHÇELERARASI,Konut Dışı,Su,İŞYERİ,40,16631.0
2024,7,KINIK,HAMZAHOCALI,Konut Dışı,Su,İBADETHANELER,1,4.0
2024,8,BERGAMA,BERGAMA OSB,Konut Dışı,Atıksu,KUYU ATIK SU İŞYERİ,2,230.0
2022,10,BAYINDIR,YAKACIK,Tarım Hayvan,Su,ORMAN KÖYÜ VE ESKİ KÖYLER TARIM/ HAYVAN,62,3841.0
2023,9,KONAK,PİRİ REİS,Konut,Su,KONUT,1741,14442.0
2022,4,KONAK,KAHRAMANLAR,Konut Dışı,Su,RESMİ DAİRE,6,22.0
2022,4,BALÇOVA,TELEFERİK,Konut Dışı,Su,BELEDİYE,4,216.0
2024,9,ÇEŞME,SAKARYA,Konut,Su,E.A.,2,33.0
2020,8,KARŞIYAKA,GONCALAR,Sulama,Su,PARKLAR  VE  MEZARLIKLAR,29,8822.0
2023,3,ALİAĞA,ÇALTILIDERE,Konut,Su,ORMAN KÖYÜ VE ESKİ KÖYLER BAHÇE SUYU,1,5.0
2021,11,TİRE,KİRELİ,Konut,Su,ORMAN KÖYÜ VE ESKİ KÖYLER KONUT,223,4619.0
2020,4,GAZİEMİR,SEVGİ,Konut Dışı,Su,RESMİ OKUL HASTANELER,3,3153.0
2023,6,KONAK,MİTHATPAŞA,Konut Dışı,Su,ÖZEL OKULLAR,1,13.0
2024,5,SEFERİHİSAR,HIDIRLIK,Konut,Su,KONUT (S),2,17.0
2021,12,TİRE,ATATÜRK,Tarım Hayvan,Su,İLÇE BELEDİYE TARIM / HAYVAN,2,53.0
2024,2,KINIK,OSMANİYE,Konut Dışı,Su,RESMİ OKUL HASTANELER,2,187.0
2023,6,GAZİEMİR,BEYAZEVLER,Konut,Su,ŞEHİT GAZİ,7,67.0
2022,7,SEFERİHİSAR,ULAMIŞ,Konut,Su,ORMAN KÖYÜ VE ESKİ KÖYLER KONUT,12,234.0
2020,6,KARABAĞLAR,AŞIK VEYSEL,Konut Dışı,Su,İBADETHANELER,1,52.0
2022,4,FOÇA,KAZIM DİRİK,Konut Dışı,Su,İŞYERİ,34,415.0
2022,5,TORBALI,DİRMİL,Tarım Hayvan,Su,ORMAN KÖYÜ VE ESKİ KÖYLER TARIM/ HAYVAN,38,926.0
2023,7,TİRE,HÜRRİYET,Konut Dışı,Su,İŞYERİ,172,2041.0
2023,5,ÇİĞLİ,AHMET TANER KIŞLALI,Konut Dışı,Su,İBADETHANELER,1,20.0
2020,2,MENDERES,OĞLANANASI ATATÜRK,Konut Dışı,Su,İBADETHANELER,1,14.0
2021,11,BALÇOVA,KORUTÜRK,Konut Dışı,Su,TURİSTİK TESİS,2,12192.0
2023,9,KONAK,SELÇUK,Konut,Su,KONUT (S),28,341.0
2020,5,BALÇOVA,TELEFERİK,Konut Dışı,Su,FIRIN HAMAM ABONELERİ,1,18.0
2021,8,KARABURUN,MORDOĞAN,Konut Dışı,Su,BELEDİYE,11,303.0
2023,5,KARŞIYAKA,YALI,Konut Dışı,Atıksu,KUYU ATIK SU İŞYERİ,5,244.0
2020,7,BAYRAKLI,CENGİZHAN,Konut,Su,ŞEHİT GAZİ,7,163.0
2022,2,BEYDAĞ,ADAKÜRE,Konut Dışı,Su,RESMİ OKUL HASTANELER,1,7.0
2022,3,KARABURUN,İSKELE,Konut Dışı,Su,BELEDİYE,3,31.0
2020,11,BUCA,KARACAAĞAÇ,Konut Dışı,Atıksu,KUYU ATIK SU İŞYERİ,2,40.0
2021,2,GAZİEMİR,ATIFBEY,Konut,Su,E.A.,120,1281.0
2021,12,KINIK,KOCAÖMER,Konut Dışı,Su,RESMİ OKUL HASTANELER,1,7.0
2022,6,KEMALPAŞA,MEHMET AKİF ERSOY,Konut Dışı,Su,İNŞAAT (ŞANTİYE),6,443.0
2021,2,BAYRAKLI,GÜMÜŞPALA,Konut,Su,ŞEHİT GAZİ,5,68.0
2023,2,ÖDEMİŞ,ZAFER,Konut Dışı,Su,RESMİ DAİRE,1,68.0
2023,2,BAYINDIR,MİTHATPAŞA,Konut Dışı,Su,FIRIN HAMAM ABONELERİ,4,109.0
2023,6,ALİAĞA,KÜLTÜR,Konut Dışı,Su,FIRIN HAMAM ABONELERİ,2,13.0
2022,8,MENEMEN,İSMET İNÖNÜ,Konut,Su,KONUT,3306,37245.0
2020,2,BERGAMA,AYASKENT,Konut Dışı,Su,BELDE İŞYERİ ABONELERİ,23,201.0
2024,2,KINIK,OSMANİYE,Konut,Su,KONUT (S),10,122.0
2022,8,BALÇOVA,EĞİTİM,Konut Dışı,Su,İNŞAAT (ŞANTİYE),9,124.0
2024,6,GAZİEMİR,GAZİKENT,Konut Dışı,Su,RESMİ DAİRE,1,210.0
2020,8,SEFERİHİSAR,HIDIRLIK,Konut Dışı,Su,BELEDİYE,8,1203.0
2023,9,SELÇUK,ÇAMLIK,Konut Dışı,Su,RESMİ DAİRE,2,334.0
2024,5,ÖDEMİŞ,YUSUFDERE,Konut Dışı,Su,ORMAN KÖYÜ VE ESKİ KÖYLER İŞYERİ,4,21.0
2024,8,KİRAZ,CUMHURİYET,Konut Dışı,Su,RESMİ DAİRE,6,88.0
2023,8,BAYRAKLI,BAYRAKLI,Konut Dışı,Atıksu,KUYU ATIK SU İŞYERİ,3,1237.0
2021,11,BAYINDIR,MEKTEP,Tarım Hayvan,Su,İLÇE BELEDİYE TARIM / HAYVAN,4,44.0
2022,7,SEFERİHİSAR,ULAMIŞ,Konut,Su,5216 ESKİ KÖY ENGELLİ,4,156.0
2022,4,BALÇOVA,TELEFERİK,Konut,Su,KONUT (S),15,169.0
2024,1,TORBALI,İNÖNÜ,Konut Dışı,Su,İBADETHANELER,3,246.0
2022,10,BAYINDIR,KIZILOBA,Tarım Hayvan,Su,ORMAN KÖYÜ VE ESKİ KÖYLER TARIM/ HAYVAN,5,103.0
2022,3,GAZİEMİR,ATIFBEY,Sulama,Su,PARKLAR  VE  MEZARLIKLAR,4,57.0
2022,10,URLA,BADEMLER,Konut,Atıksu,KUYU ATIK SU KONUT,1,1230.0
2021,2,FOÇA,FEVZİ ÇAKMAK,Konut Dışı,Su,BELEDİYE,5,98.0
2023,10,BAYRAKLI,ÇİÇEK,Sulama,Su,PARKLAR  VE  MEZARLIKLAR,1,612.0
2021,7,BERGAMA,ZEYTİNDAĞ,Konut Dışı,Su,BELDE İŞYERİ ABONELERİ,34,811.0
2023,7,BORNOVA,EVKA 4,Konut,Su,KONUT (S),9,87.0
2020,12,DİKİLİ,YAYLAYURT,Konut,Su,ORMAN KÖYÜ VE ESKİ KÖYLER KONUT,104,3756.0
2024,8,KARŞIYAKA,DEMİRKÖPRÜ,Konut Dışı,Su,RESMİ OKUL HASTANELER,2,117.0
2022,3,BORNOVA,GÜRPINAR,Sulama,Su,PARKLAR  VE  MEZARLIKLAR,2,103.0
2021,7,BALÇOVA,ONUR,Konut,Su,KONUT,5651,49803.0
2023,8,KEMALPAŞA,ÖRNEKKÖY,Konut Dışı,Su,5216 ESKİ KÖY İŞYERİ,44,485.0
2023,7,KARŞIYAKA,İMBATLI,Konut,Su,E.A.,90,1199.0
2022,11,KINIK,ARPASEKİ,Konut,Su,ORMAN KÖYÜ VE ESKİ KÖYLER KONUT,146,2298.0
2024,1,KİRAZ,YENİŞEHİR,Konut,Su,KÖY ENGELLİ,1,17.0
2020,1,BAYINDIR,CAMİİ,Konut,Su,İLÇE BELEDİYESİ BAHÇE SUYU,2,11.0
2023,5,DİKİLİ,DELİKTAŞ,Konut,Su,5216 ESKİ KÖY ENGELLİ,1,22.0
2024,6,BALÇOVA,ONUR,Konut Dışı,Su,BELEDİYE,1,2.0
2020,6,URLA,YAKA,Konut Dışı,Su,RESMİ OKUL HASTANELER,1,8.0
2024,8,SEFERİHİSAR,HIDIRLIK,Konut Dışı,Su,İNŞAAT (ŞANTİYE),7,225.0
2022,3,ÇEŞME,ALAÇATI,Konut,Su,BELDE ŞEHİT- GAZİ ABONELERİ,7,56.0
2020,9,BORNOVA,ERGENE,Sulama,Su,PARKLAR  VE  MEZARLIKLAR,8,2444.0
2022,5,TİRE,YEMİŞLER,Konut Dışı,Su,ORMAN KÖYÜ VE ESKİ KÖYLER İŞYERİ,3,32.0
2020,10,TORBALI,İSTİKLAL,Konut Dışı,Su,İNŞAAT (ŞANTİYE),1,6.0
2023,1,KARŞIYAKA,DEMİRKÖPRÜ,Sulama,Su,PARKLAR  VE  MEZARLIKLAR,1,57.0
2024,2,BUCA,MURATHAN,Konut,Su,İLÇE BELEDİYESİ BAHÇE SUYU,1,2.0
2020,10,BERGAMA,YALNIZDAM,Konut,Su,ORMAN KÖYÜ VE ESKİ KÖYLER KONUT,21,237.0
2024,1,TORBALI,YAZIBAŞI,,Su,KIRSAL KONUT (MERKEZ),923,9501.0
2022,11,BEYDAĞ,HALIKÖY,Konut Dışı,Su,HAMSU KONUTDIŞI,1,263.0
2024,3,BORNOVA,ERZENE,Konut,Atıksu,KUYU ATIK SU KONUT,8,3619.0
2021,2,BAYINDIR,SADIKPAŞA,Konut,Su,ŞEHİT GAZİ,2,15.0
2021,3,TORBALI,ALPKENT,Konut Dışı,Su,RESMİ DAİRE,1,8.0
2021,4,KARABURUN,PARLAK,Konut,Su,ORMAN KÖYÜ VE ESKİ KÖYLER KONUT,78,696.0
2024,3,BERGAMA,ATMACA,Konut Dışı,Su,İŞYERİ,4,35.0
2021,2,NARLIDERE,ÇAMTEPE,Konut Dışı,Su,FIRIN HAMAM ABONELERİ,1,7.0
2021,3,NARLIDERE,ÇAMTEPE,Konut Dışı,Su,PANDEMİ İŞYERİ,122,668.0
2020,4,BALÇOVA,İNCİRALTI,Sulama,Su,PARKLAR  VE  MEZARLIKLAR,4,1122.0
2022,1,BALÇOVA,BAHÇELERARASI,Konut Dışı,Su,İŞYERİ,42,20287.0
2021,1,KINIK,MISTIKLAR,Tarım Hayvan,Su,ORMAN KÖYÜ VE ESKİ KÖYLER TARIM/ HAYVAN,1,5.0
2022,10,ALİAĞA,ATATÜRK,Konut,Su,ŞEHİT GAZİ,6,83.0
2024,3,SEFERİHİSAR,CAMİKEBİR,Konut Dışı,Su,BELEDİYE,13,817.0
2023,4,DİKİLİ,SALİHLER,Konut Dışı,Su,BELEDİYE,1,1.0
2021,12,DİKİLİ,CUMHURİYET,Konut Dışı,Su,RESMİ OKUL HASTANELER,3,206.0
2024,7,KEMALPAŞA,HAMZABABA,Konut Dışı,Su,BELEDİYE,4,1111.0
2023,12,KARŞIYAKA,ATAKENT,Konut,Su,E.A.,20,238.0
2021,8,KONAK,BALLIKUYU,Konut Dışı,Su,İŞYERİ,11,131.0
2020,10,TORBALI,DEMİRCİ,Konut,Su,ORMAN KÖYÜ VE ESKİ KÖYLER KONUT,194,3952.0
2023,3,KİRAZ,SARIKAYA,Konut,Su,ORMAN KÖYÜ VE ESKİ KÖYLER KONUT,92,1336.0
2021,11,MENEMEN,ESATPAŞA,Sulama,Su,PARKLAR  VE  MEZARLIKLAR,3,95.0
2020,12,BALÇOVA,ONUR,Konut Dışı,Su,BAKIMEVLERİ,1,332.0
2022,7,BALÇOVA,EĞİTİM,Konut Dışı,Su,İBADETHANELER,1,1.0
2020,7,KINIK,YAYAKENT,Konut,Su,ORMAN KÖYÜ VE ESKİ KÖYLER KONUT,1,20.0
2020,3,BALÇOVA,KORUTÜRK,Sulama,Su,PARKLAR  VE  MEZARLIKLAR,9,219.0
2023,11,FOÇA,MUSTAFA KEMAL ATATÜRK,Konut Dışı,Atıksu,KUYU ATIK SU İŞYERİ,1,36.0
2022,2,KİRAZ,OLGUNLAR,Konut,Su,KÖY ENGELLİ,3,232.0
2024,4,KARABURUN,İSKELE,Konut,Su,KONUT,1397,9830.0
2021,9,MENDERES,ÇUKURALTI,Konut Dışı,Su,İŞYERİ,240,3258.0
2023,2,TORBALI,YENİ,Konut Dışı,Su,BELEDİYE,3,533.0
2023,8,DİKİLİ,KIROBA,Konut Dışı,Su,İNŞAAT (ŞANTİYE),1,1.0
2024,5,KEMALPAŞA,VİŞNELİ,Konut Dışı,Su,ORMAN KÖYÜ VE ESKİ KÖYLER İŞYERİ,5,70.0
2022,1,KARABAĞLAR,KAZIM KARABEKİR,Konut Dışı,Su,RESMİ DAİRE,1,23.0
2021,12,SEFERİHİSAR,ORHANLI,Konut,Su,ORMAN KÖYÜ VE ESKİ KÖYLER KONUT,539,5790.0
2023,6,KİRAZ,ŞEMSİLER,Konut,Su,KÖY ENGELLİ,5,39.0
2020,10,SELÇUK,GÖKÇEALAN,Konut Dışı,Su,İNŞAAT (ŞANTİYE),16,616.0
2021,12,DİKİLİ,ÇANDARLI,Konut,Su,BELDE ŞEHİT- GAZİ ABONELERİ,8,78.0
2023,8,URLA,ZEYTİNELİ,Konut,Su,KÖY ENGELLİ,1,31.0
2022,7,KİRAZ,İSTİKLAL,Konut Dışı,Su,BELEDİYE,2,10.0
2022,8,ÖDEMİŞ,KÖSELER,Konut Dışı,Su,RESMİ OKUL HASTANELER,1,34.0
2021,2,BAYINDIR,YENİ,Tarım Hayvan,Su,İLÇE BELEDİYE TARIM / HAYVAN,6,34.0
2023,5,KARABAĞLAR,OSMAN AKSÜNER,Konut Dışı,Atıksu,KUYU ATIK SU İŞYERİ,4,92.0
2024,5,ÖDEMİŞ,EMMİOĞLU,Tarım Hayvan,Su,İLÇE BELEDİYE TARIM / HAYVAN,3,55.0
2022,8,KARABURUN,İNECİK,Tarım Hayvan,Su,ORMAN KÖYÜ VE ESKİ KÖYLER TARIM/ HAYVAN,21,471.0
2022,5,KİRAZ,YENİKÖY,Konut Dışı,Su,RESMİ OKUL HASTANELER,1,10.0
2024,5,KİRAZ,OVACIK,Konut,Su,ORMAN KÖYÜ VE ESKİ KÖYLER KONUT,61,1287.0
2020,3,BALÇOVA,İNCİRALTI,Konut Dışı,Atıksu,K.ATIKSU TURİSTİK TESİS,1,1534.0
2022,1,BEYDAĞ,AKTEPE,Konut,Su,KONUT,197,1889.0
2020,8,KEMALPAŞA,ÖREN 75.YIL CUMHURİYET,Konut Dışı,Su,İŞYERİ,37,506.0
2022,3,ÇEŞME,SAKARYA,Konut Dışı,Su,RESMİ OKUL HASTANELER,2,88.0
2022,7,BERGAMA,FERİZLER,Konut Dışı,Su,İBADETHANELER,1,3.0
2023,4,BERGAMA,SARIDERE,Konut Dışı,Su,ORMAN KÖYÜ VE ESKİ KÖYLER İŞYERİ,3,46.0
2020,8,BAYINDIR,ÇIRPI CAMİ,Konut,Su,İLÇE BELEDİYESİ BAHÇE SUYU,7,98.0
2021,2,ÇEŞME,DALYAN,Konut Dışı,Su,İŞYERİ,53,1069.0
2021,11,BUCA,MENDERES,Konut Dışı,Su,İNŞAAT (ŞANTİYE),1,6.0
2020,6,TORBALI,YEDİ EYLÜL,Konut Dışı,Su,BELEDİYE,3,1185.0
2022,2,BAYINDIR,CAMİİ,Konut Dışı,Su,BELEDİYE,3,194.0
2020,6,SELÇUK,BELEVİ,Konut,Su,BELDE KONUT ABONELERİ,635,24717.0
2021,4,BEYDAĞ,MUTAFLAR,Konut,Su,KÖY ENGELLİ,1,13.0
2020,1,ÇİĞLİ,ESENTEPE,Konut,Su,KONUT,1679,16231.0
2023,6,MENEMEN,30 AĞUSTOS,Konut,Su,KONUT,5542,60474.0
2023,5,ALİAĞA,YALI,Tarım Hayvan,Su,İLÇE BELEDİYE TARIM / HAYVAN,1,6.0
2023,11,DİKİLİ,KIZILÇUKUR,Konut,Su,KÖY ŞEHİT GAZİ,1,13.0
2020,9,KONAK,İMARİYE,Sulama,Su,PARKLAR  VE  MEZARLIKLAR,1,21086.0
2021,11,KARŞIYAKA,DONANMACI,Konut Dışı,Su,ÖZEL OKULLAR,3,136.0
2021,11,BEYDAĞ,SARIKAYA,Konut,Su,ORMAN KÖYÜ VE ESKİ KÖYLER KONUT,54,1324.0
2024,4,GÜZELBAHÇE,YELKİ,Sulama,Su,PARKLAR  VE  MEZARLIKLAR,6,203.0
2020,7,BUCA,AKINCILAR,Konut,Su,ŞEHİT GAZİ,10,146.0
2023,6,NARLIDERE,ALTIEVLER,Sulama,Su,PARKLAR  VE  MEZARLIKLAR,13,1580.0
2020,6,TORBALI,ÇAPAK,Konut Dışı,Su,İNŞAAT (ŞANTİYE),1,11.0
2020,11,GÜZELBAHÇE,KAHRAMANDERE,Konut Dışı,Su,İŞYERİ,27,679.0
2020,4,TİRE,KAHRAT,Konut,Su,BELDE KONUT ABONELERİ,1,10.0
2024,1,KINIK,KARATEKELİ,Konut Dışı,Su,İBADETHANELER,1,26.0
2020,3,FOÇA,İSMETPAŞA,Konut Dışı,Su,FIRIN HAMAM ABONELERİ,1,12.0
2023,10,KARŞIYAKA,MUSTAFA KEMAL,Konut,Su,İLÇE BELEDİYESİ BAHÇE SUYU,1,293.0
2023,10,ÇEŞME,ILICA,Konut Dışı,Su,İŞYERİ,73,2719.0
2024,2,BAYINDIR,FATİH,Konut Dışı,Su,BELEDİYE,2,80.0
2022,6,GAZİEMİR,ATATÜRK,Konut Dışı,Su,BELEDİYE,1,7.0
2022,7,NARLIDERE,ÇATALKAYA,Konut,Su,KONUT,2138,22567.0
2021,11,KARŞIYAKA,BAHÇELİEVLER,Konut Dışı,Su,İŞYERİ,528,4335.0
2020,9,ÇEŞME,İSMET İNÖNÜ,Konut Dışı,Su,İNŞAAT (ŞANTİYE),24,1993.0
2023,9,KARŞIYAKA,GONCALAR,Konut,Su,KONUT (AFET),1,8.0
2020,1,GAZİEMİR,FATİH,Konut,Su,ŞEHİT GAZİ,2,35.0
2024,5,BAYRAKLI,CENGİZHAN,Konut,Su,KONUT,3873,41126.0
2023,5,ÇİĞLİ,EVKA-5,Konut Dışı,Su,İŞYERİ,73,672.0
2022,4,KARABURUN,BOZKÖY,Konut Dışı,Su,BELEDİYE,1,5.0
2021,11,KİRAZ,VELİLER,Konut,Su,ORMAN KÖYÜ VE ESKİ KÖYLER KONUT,134,4147.0
2023,12,MENEMEN,ULUS,Konut,Su,E.A.,47,659.0
2020,12,KİRAZ,VELİLER,Tarım Hayvan,Su,ORMAN KÖYÜ VE ESKİ KÖYLER TARIM/ HAYVAN,29,1539.0
2024,1,KONAK,KOSOVA,Konut Dışı,Su,İŞYERİ,2,23.0
2020,9,ÖDEMİŞ,DEMİRCİLİ,Konut Dışı,Su,ORMAN KÖYÜ VE ESKİ KÖYLER İŞYERİ,38,1610.0
2021,10,ALİAĞA,BOZKÖY,Konut Dışı,Su,RESMİ OKUL HASTANELER,1,115.0
2020,1,KONAK,BOZKURT,Konut,Su,E.A.,4,26.0
2023,11,KARABURUN,MORDOĞAN,Sulama,Su,PARKLAR  VE  MEZARLIKLAR,5,108.0
2024,6,SELÇUK,İSA BEY,Konut,Su,KONUT (S),40,422.0
2021,6,BUCA,KAYNAKLAR MERKEZ,Konut Dışı,Su,BELEDİYE,1,43.0
2023,1,KEMALPAŞA,CUMALI,Konut Dışı,Atıksu,KUYU ATIK SU İŞYERİ,1,30.0
2020,10,KARŞIYAKA,ALAYBEY,Konut Dışı,Su,RESMİ OKUL HASTANELER,1,61.0
2022,7,BORNOVA,KAYADİBİ,Konut Dışı,Su,ORMAN KÖYÜ VE ESKİ KÖYLER İŞYERİ,2,100.0
2022,1,NARLIDERE,ALTIEVLER,Konut Dışı,Su,RESMİ DAİRE,6,1598.0
2024,5,SEFERİHİSAR,HIDIRLIK,Konut Dışı,Su,İBADETHANELER,1,34.0
2023,5,SEFERİHİSAR,BENGİLER,Konut,Su,E.A.,23,211.0
2023,5,BEYDAĞ,HALIKÖY,Konut Dışı,Su,İBADETHANELER,1,5.0
2023,6,SELÇUK,BARUTÇU,Konut,Su,ORMAN KÖYÜ VE ESKİ KÖYLER KONUT,64,1923.0
2023,9,BUCA,ADATEPE,Konut Dışı,Atıksu,KUYU ATIK SU İŞYERİ,4,415.0
2020,10,SEFERİHİSAR,TURABİYE,Konut,Su,E.A.,49,789.0
2022,10,KİRAZ,ŞEMSİLER,Tarım Hayvan,Su,ORMAN KÖYÜ VE ESKİ KÖYLER TARIM/ HAYVAN,9,444.0
2021,8,BAYINDIR,PINARLI,Konut,Su,ORMAN KÖYÜ VE ESKİ KÖYLER KONUT,366,20996.0
2020,10,GAZİEMİR,IRMAK,Konut Dışı,Su,BELEDİYE,1,19.0
2024,5,SEFERİHİSAR,CAMİKEBİR,Konut Dışı,Su,İNŞAAT (ŞANTİYE),35,1687.0
2024,1,MENEMEN,MUSTAFA KEMAL ATATÜRK,Konut Dışı,Su,İBADETHANELER,1,10.0
2023,12,SEFERİHİSAR,ATATÜRK,Konut,Su,E.A.,42,360.0
2021,3,ÇİĞLİ,AHMET TANER KIŞLALI,Konut,Su,E.A.,172,1601.0
2021,12,DİKİLİ,CUMHURİYET,Konut Dışı,Su,TURİSTİK TESİS,1,47.0
2021,7,GAZİEMİR,SEVGİ,Konut Dışı,Atıksu,KUYU ATIK SU İŞYERİ,3,135.0
2022,6,TORBALI,KARAKUYU,Konut Dışı,Su,BELEDİYE,1,1.0
2022,2,BERGAMA,ERTUĞRUL,Konut Dışı,Su,AİLEHEKİM.RES.HAS.,1,14.0
2022,4,MENEMEN,YEŞİL PINAR,Sulama,Su,PARKLAR  VE  MEZARLIKLAR,1,6.0
2020,6,BERGAMA,TURABEY,Konut Dışı,Su,İNŞAAT (ŞANTİYE),8,87.0
2023,9,TİRE,ERTUĞRUL,Konut,Su,KONUT (S),10,107.0
2020,3,ÇİĞLİ,EVKA-5,Konut Dışı,Su,BELEDİYE,2,72.0
2022,1,BERGAMA,MAHMUDİYE,Tarım Hayvan,Su,ORMAN KÖYÜ VE ESKİ KÖYLER TARIM/ HAYVAN,1,18.0
2020,2,BALÇOVA,EĞİTİM,Konut,Su,İLÇE BELEDİYESİ BAHÇE SUYU,4,11.0
2021,11,BAYINDIR,HACI BEŞİR,Konut,Su,KONUT,243,1789.0
2021,6,KINIK,YAYLAKÖY,Konut,Su,ORMAN KÖYÜ VE ESKİ KÖYLER KONUT,80,783.0
2021,9,KİRAZ,HİSAR,Konut,Su,KONUT,2,8.0
2022,2,MENDERES,DEĞİRMENDERE,Konut,Su,E.A.,20,163.0
2020,8,KARABURUN,BOZKÖY,Konut,Su,ORMAN KÖYÜ VE ESKİ KÖYLER KONUT,251,6262.0
2021,11,SELÇUK,CUMHURİYET,Konut Dışı,Su,İBADETHANELER,1,2.0
2020,2,GÜZELBAHÇE,ATATÜRK,Konut Dışı,Su,RESMİ OKUL HASTANELER,2,71.0
2022,11,KİRAZ,CERİTLER,Konut,Su,KONUT,1,1.0
2023,2,BAYINDIR,ZEYTİNOVA,Sulama,Su,PARKLAR  VE  MEZARLIKLAR,1,11.0
2022,7,SEFERİHİSAR,TEPECİK,Konut Dışı,Atıksu,KUYU ATIK SU İŞYERİ,2,199.0
2023,4,KINIK,BADEMALAN,Konut Dışı,Su,RESMİ OKUL HASTANELER,1,17.0
2021,1,DİKİLİ,KABAKUM,Konut,Su,KONUT,12,103.0
2020,7,BUCA,GÖKSU,Konut Dışı,Su,RESMİ OKUL HASTANELER,4,276.0
2021,1,GAZİEMİR,FATİH,Konut Dışı,Su,RESMİ DAİRE,1,4.0
2022,1,SELÇUK,ZEYTİNKÖY,Konut,Su,ORMAN KÖYÜ VE ESKİ KÖYLER KONUT,244,2220.0
2020,11,GAZİEMİR,EMREZ,Konut Dışı,Atıksu,KUYU ATIK SU İŞYERİ,9,629.0
2020,4,ÖDEMİŞ,HÜRRİYET,Konut,Su,KONUT,6,187.0
2024,5,BORNOVA,KOŞUKAVAK,Konut,Su,E.A.,96,1129.0
2020,11,BUCA,29 EKİM,Tarım Hayvan,Su,İLÇE BELEDİYE TARIM / HAYVAN,20,240.0
2023,1,ALİAĞA,YENİŞAKRAN,Konut Dışı,Su,BELDE İŞYERİ ABONELERİ,149,2718.0
2020,1,BUCA,VALİ RAHMİ BEY,Konut Dışı,Atıksu,K.A.SU RESMİ OKUL HASTANE,1,1014.0
2022,8,KONAK,KÜÇÜKADA,Konut Dışı,Su,İNŞAAT (ŞANTİYE),1,11.0
2021,4,KINIK,BADEMALAN,Konut,Su,ORMAN KÖYÜ VE ESKİ KÖYLER KONUT,61,819.0
2023,9,ÇİĞLİ,ATAŞEHİR,Konut Dışı,Atıksu,K.A.SU ÖZEL HASTANELER,1,3947.0
2020,5,FOÇA,FEVZİPAŞA,Konut,Su,İLÇE BELEDİYESİ BAHÇE SUYU,1,23.0
2020,2,TİRE,BÜYÜKKALE,Konut,Su,ORMAN KÖYÜ VE ESKİ KÖYLER KONUT,166,3515.0
2024,9,BALÇOVA,EĞİTİM,Konut Dışı,Su,İNŞAAT (ŞANTİYE),5,49.0
2024,2,KARABAĞLAR,GÜNALTAY,Konut Dışı,Su,İBADETHANELER,2,53.0
2023,1,URLA,YENİ,Sulama,Su,PARKLAR  VE  MEZARLIKLAR,1,4.0
2021,5,NARLIDERE,NARLI,Konut Dışı,Su,ÖZEL OKULLAR,1,20.0
2020,7,ÇEŞME,16 EYLÜL,Konut Dışı,Su,İŞYERİ,308,7854.0
2021,4,BAYRAKLI,MUHİTTİN ERENER,Konut,Su,ŞEHİT GAZİ,2,10.0
2024,7,FOÇA,ATATÜRK,Konut Dışı,Su,BAKIMEVLERİ,1,10.0
2020,8,BAYINDIR,ÇIRPI CAMİ,Konut,Su,E.A.,11,441.0
2020,2,SELÇUK,CUMHURİYET,Sulama,Su,PARKLAR  VE  MEZARLIKLAR,1,1.0
2023,11,GAZİEMİR,ZAFER,Konut,Su,KONUT,1186,10780.0
2022,3,KONAK,İSMET PAŞA,Konut Dışı,Su,RESMİ DAİRE,1,53.0
2021,12,KARŞIYAKA,FİKRİ ALTAY,Konut,Su,E.A.,108,1007.0
2021,2,BALÇOVA,EĞİTİM,Konut Dışı,Su,RESMİ OKUL HASTANELER,4,12.0
2020,7,ÖDEMİŞ,OVAKENT,Sanayi,Atıksu,KUYU ATIK SU SANAYİ,1,46.0
2020,3,BAYRAKLI,ONUR,Sulama,Su,PARKLAR  VE  MEZARLIKLAR,3,16.0
2021,4,KONAK,MİMAR SİNAN,Sulama,Su,PARKLAR  VE  MEZARLIKLAR,7,551.0
2023,8,MENEMEN,DOĞA,Konut Dışı,Su,BELEDİYE,1,2.0
2021,12,KEMALPAŞA,DAMLACIK,Konut,Su,ORMAN KÖYÜ VE ESKİ KÖYLER KONUT,330,5568.0
2022,12,DİKİLİ,ÇAĞLAN,Konut,Su,ORMAN KÖYÜ VE ESKİ KÖYLER KONUT,51,657.0
2023,7,BEYDAĞ,ÇOMAKLAR,Konut,Su,ORMAN KÖYÜ VE ESKİ KÖYLER KONUT,146,2324.0
2022,10,BALÇOVA,İNCİRALTI,Konut Dışı,Su,İŞYERİ,28,2644.0
2022,3,KINIK,AŞAĞI,Konut,Su,KONUT,420,2991.0
2024,5,BAYINDIR,BIYIKLAR,Konut,Su,KONUT,226,1642.0
2022,3,BORNOVA,MEVLANA,Konut Dışı,Su,ÖZEL OKULLAR,1,279.0
2023,9,ÇİĞLİ,ATATÜRK,Sulama,Su,PARKLAR  VE  MEZARLIKLAR,3,3940.0
2021,8,BORNOVA,BİRLİK,Konut,Su,E.A.,44,628.0
2023,2,ÖDEMİŞ,UMURBEY,Sanayi,Atıksu,KUYU ATIK SU SANAYİ,1,51.0
2020,11,SEFERİHİSAR,SIĞACIK,Konut,Su,ŞEHİT GAZİ,2,42.0
2021,6,FOÇA,CUMHURİYET,Konut,Su,E.A.,34,421.0
2020,7,ÇEŞME,ÜNİVERSİTE,Sulama,Su,PARKLAR  VE  MEZARLIKLAR,1,273.0
2021,3,KINIK,TÜRKCEDİT,Sulama,Su,PARKLAR  VE  MEZARLIKLAR,1,41.0
2022,4,BUCA,VALİ RAHMİ BEY,Konut Dışı,Atıksu,K.A.SU RESMİ OKUL HASTANE,1,1023.0
2024,2,FOÇA,MUSTAFA KEMAL ATATÜRK,Konut Dışı,Su,İBADETHANELER,1,21.0
2021,10,ÇEŞME,CELAL BAYAR,Konut,Su,E.A.,2,245.0
2021,6,BORNOVA,BARBAROS,Konut Dışı,Su,İBADETHANELER,1,63.0
2023,9,DİKİLİ,DELİKTAŞ,Konut Dışı,Su,RESMİ OKUL HASTANELER,1,25.0
2022,11,BAYRAKLI,YAMANLAR,Konut Dışı,Su,İBADETHANELER,2,359.0
2023,10,ALİAĞA,MİMAR SİNAN,Konut Dışı,Su,İBADETHANELER,1,15.0
2023,2,GAZİEMİR,ZAFER,Konut,Su,KONUT (S),14,131.0
2022,8,BAYRAKLI,MANAVKUYU,Konut Dışı,Su,RESMİ KIZILAY KAN,1,281.0
2023,6,URLA,ATATÜRK,Konut Dışı,Su,İBADETHANELER,1,26.0
2021,8,ÇEŞME,ALAÇATI,Konut Dışı,Su,RESMİ OKUL HASTANELER,6,443.0
2020,1,KİRAZ,CERİTLER,Konut,Su,KONUT,2,7.0
2023,2,ÇEŞME,CELAL BAYAR,Konut,Su,KONUT,507,4858.0
2024,9,BAYRAKLI,GÜMÜŞPALA,,Su,ÖZEL YURTLAR,1,48.0
2020,2,BAYRAKLI,MANSUROĞLU,Konut Dışı,Su,RESMİ DAİRE,6,305.0
2022,8,KARABURUN,MORDOĞAN,Konut,Su,BELDE KONUT ABONELERİ,4096,57765.0
2020,1,BAYRAKLI,OSMANGAZİ,Konut Dışı,Su,İŞYERİ,432,3403.0
2022,3,GAZİEMİR,DOKUZ EYLÜL,Konut,Su,E.A.,81,897.0
2023,6,TORBALI,ERTUĞRUL,Konut Dışı,Su,RESMİ DAİRE,6,111.0
2020,1,ÇİĞLİ,İZKENT,Konut,Su,ŞEHİT GAZİ,6,58.0
2020,2,KİRAZ,KALEKÖY,Tarım Hayvan,Su,ORMAN KÖYÜ VE ESKİ KÖYLER TARIM/ HAYVAN,13,33.0
2020,2,FOÇA,YENİKÖY,Konut,Su,ORMAN KÖYÜ VE ESKİ KÖYLER KONUT,113,1107.0
2023,5,MENDERES,KÜNER,Konut Dışı,Su,İBADETHANELER,1,13.0
2022,6,BALÇOVA,İNCİRALTI,Konut Dışı,Atıksu,K.ATIKSU TURİSTİK TESİS,1,5218.0
2021,4,TİRE,DERE,Konut,Su,ŞEHİT GAZİ,1,3.0
2021,7,GÜZELBAHÇE,MALTEPE,Konut,Su,KONUT,1321,16906.0
2024,8,KEMALPAŞA,ÖREN 75.YIL CUMHURİYET,Tarım Hayvan,Su,İLÇE BELEDİYE TARIM / HAYVAN,12,377.0
2021,9,KARABURUN,TEPEBOZ,Konut,Su,ORMAN KÖYÜ VE ESKİ KÖYLER KONUT,272,4424.0
2023,4,KINIK,YENİ,Konut Dışı,Su,İŞYERİ,20,197.0
2022,12,BERGAMA,BARBAROS,Konut Dışı,Su,BELEDİYE,1,1.0
2022,10,KARŞIYAKA,DEDEBAŞI,Konut,Su,E.A.,303,3159.0
2021,8,BERGAMA,HAMZALISÜLEYMANİYE,Tarım Hayvan,Su,ORMAN KÖYÜ VE ESKİ KÖYLER TARIM/ HAYVAN,1,34.0
2023,5,BAYRAKLI,ÇAY,Sulama,Su,PARKLAR  VE  MEZARLIKLAR,1,10.0
2021,10,BAYINDIR,KIZILCAOVA,Konut Dışı,Su,ORMAN KÖYÜ VE ESKİ KÖYLER İŞYERİ,9,212.0
2022,11,URLA,GÜVENDİK,Sulama,Su,PARKLAR  VE  MEZARLIKLAR,5,956.0
2024,5,BERGAMA,HİSARKÖY,Tarım Hayvan,Su,ORMAN KÖYÜ VE ESKİ KÖYLER TARIM/ HAYVAN,17,227.0
2024,2,TORBALI,TORBALI,Konut Dışı,Su,İNŞAAT (ŞANTİYE),11,415.0
2021,1,KİRAZ,KALEKÖY,Konut,Su,KÖY ENGELLİ,3,52.0
2023,12,BAYRAKLI,TEPEKULE,Konut Dışı,Su,İŞYERİ,178,1160.0
2024,7,ALİAĞA,KURTULUŞ,Konut Dışı,Su,RESMİ DAİRE,1,30.0
2022,4,KARABURUN,SAİP,Tarım Hayvan,Su,ORMAN KÖYÜ VE ESKİ KÖYLER TARIM/ HAYVAN,6,22.0
2021,12,BAYINDIR,FATİH,Konut,Su,E.A.,11,83.0
2020,9,ALİAĞA,SİTELER,Konut Dışı,Su,İNŞAAT (ŞANTİYE),2,106.0
2020,1,GÜZELBAHÇE,ÇAMLI,Konut,Su,ORMAN KÖYÜ VE ESKİ KÖYLER BAHÇE SUYU,1,3.0
2020,9,MENDERES,ÇİLEME,Konut Dışı,Su,RESMİ OKUL HASTANELER,1,164.0
2021,7,URLA,DEMİRCİLİ,Tarım Hayvan,Su,ORMAN KÖYÜ VE ESKİ KÖYLER TARIM/ HAYVAN,3,78.0
2022,10,ÇİĞLİ,HARMANDALI GAZİ MUSTAFA KEMAL ATATÜRK,Konut Dışı,Su,RESMİ DAİRE,1,6053.0
2021,5,FOÇA,KEMAL ATATÜRK,Konut Dışı,Su,İNŞAAT (ŞANTİYE),5,47.0
2024,2,FOÇA,ATATÜRK,Konut Dışı,Su,RESMİ OKUL HASTANELER,10,1300.0
2022,6,KONAK,KONAK,Konut Dışı,Su,İŞYERİ,1090,13678.0
2021,9,KİRAZ,YEŞİLDERE,Sulama,Su,PARKLAR  VE  MEZARLIKLAR,2,21.0
2023,10,ALİAĞA,YENİŞAKRAN,Konut,Su,BELDE ŞEHİT- GAZİ ABONELERİ,4,62.0
2021,3,MENEMEN,SÜLEYMANLI,Konut Dışı,Su,RESMİ OKUL HASTANELER,1,6.0
2022,10,SELÇUK,CUMHURİYET,Konut,Su,İLÇE BELEDİYESİ BAHÇE SUYU,35,184.0
2021,10,BALÇOVA,TELEFERİK,Konut Dışı,Su,BELEDİYE,4,173.0
2021,9,KONAK,ÇİMENTEPE,Konut Dışı,Su,İŞYERİ,39,425.0
2022,7,ÇEŞME,ÇİFTLİK,Konut Dışı,Su,BELEDİYE,2,40.0
2021,6,BUCA,KOZAĞAÇ,Konut,Atıksu,KUYU ATIK SU KONUT,1,15.0
2024,1,GAZİEMİR,ATATÜRK,Konut Dışı,Su,İŞYERİ,69,477.0
2020,10,KONAK,ÜLKÜ,Konut Dışı,Su,FIRIN HAMAM ABONELERİ,1,16.0
2023,5,URLA,ŞİRİNKENT,Konut,Su,ŞEHİT GAZİ,2,18.0
2023,8,BUCA,UFUK,Konut Dışı,Su,İŞYERİ,259,2237.0
2022,1,KARŞIYAKA,MAVİŞEHİR,Konut Dışı,Atıksu,K.Ö.P.,1,124.0
2023,1,KARŞIYAKA,BAHRİYE ÜÇOK,Konut,Su,ŞEHİT GAZİ,24,178.0
2020,9,URLA,ÇAMLIÇAY,Konut Dışı,Su,RESMİ DAİRE,1,118.0
2021,9,FOÇA,HACIVELİ,Konut Dışı,Su,BELEDİYE,2,201.0
2022,8,BEYDAĞ,AKTEPE,Konut,Su,KONUT,198,2934.0
2022,2,BALÇOVA,BAHÇELERARASI,Konut,Su,KONUT,34,384.0
2023,8,KİRAZ,YEŞİLDERE,Konut Dışı,Su,ORMAN KÖYÜ VE ESKİ KÖYLER İŞYERİ,1,37.0
2021,8,BERGAMA,KAŞIKÇI,Konut,Su,ORMAN KÖYÜ VE ESKİ KÖYLER KONUT,60,5148.0
2022,2,DİKİLİ,KIZILÇUKUR,Tarım Hayvan,Su,ORMAN KÖYÜ VE ESKİ KÖYLER TARIM/ HAYVAN,15,152.0
2021,11,BUCA,İNÖNÜ,Konut,Su,KONUT,5208,55513.0
2023,8,KARABAĞLAR,FAHRETTİN ALTAY,Sanayi,Su,SANAYİ,1,26.0
2024,9,BAYRAKLI,ORG.NAFİZ GÜRMAN,Konut,Su,E.A.,156,2499.0
2021,8,ALİAĞA,YALI,Konut Dışı,Atıksu,KUYU ATIK SU İŞYERİ,1,21.0
2024,4,URLA,GÜVENDİK,Konut,Su,İLÇE BELEDİYESİ BAHÇE SUYU,31,153.0
2021,5,TORBALI,EĞERCİ,Konut Dışı,Atıksu,KUYU ATIK SU İŞYERİ,1,47.0
2023,8,BORNOVA,EGEMENLİK,Konut Dışı,Su,İBADETHANELER,1,423.0
2020,8,URLA,HACI İSA,Konut Dışı,Su,FIRIN HAMAM ABONELERİ,6,211.0
2024,4,KONAK,MİTHATPAŞA,Konut,Su,KONUT (S),2,10.0
2021,10,GÜZELBAHÇE,YALI,Sulama,Su,PARKLAR  VE  MEZARLIKLAR,15,3745.0
2020,11,BALÇOVA,KORUTÜRK,Konut Dışı,Su,TURİSTİK TESİS,2,7747.0
2021,10,TİRE,İSTİKLAL,Tarım Hayvan,Su,İLÇE BELEDİYE TARIM / HAYVAN,6,102.0
2021,11,BEYDAĞ,ATATÜRK,Konut Dışı,Su,BELEDİYE,5,226.0
2023,2,TORBALI,YEDİ EYLÜL,Konut,Su,5216 ESKİ KÖY KONUT,1,14.0
2023,5,KONAK,TRAKYA,Konut,Su,KONUT,466,5138.0
2022,1,SEFERİHİSAR,GÖDENCE,Konut,Su,ORMAN KÖYÜ VE ESKİ KÖYLER KONUT,144,1191.0
2020,9,ÇİĞLİ,KAKLIÇ,Konut Dışı,Su,İBADETHANELER,1,17.0
2021,8,BEYDAĞ,ALAKEÇİLİ,Sulama,Su,PARKLAR  VE  MEZARLIKLAR,1,3.0
2023,3,ALİAĞA,KAZIM DİRİK,Konut,Su,KONUT (AFET),1,4.0
2021,5,KARABURUN,PARLAK,Konut Dışı,Su,BELEDİYE,3,12.0
2020,4,ÇEŞME,ALAÇATI,Konut Dışı,Su,BELEDİYE,7,375.0
2020,9,NARLIDERE,ÇAMTEPE,Konut Dışı,Su,RESMİ DAİRE,5,545.0
2021,8,MENDERES,KISIK,Konut,Su,ORMAN KÖYÜ VE ESKİ KÖYLER KONUT,139,4584.0
2020,1,KARŞIYAKA,NERGİZ,Konut Dışı,Su,İNŞAAT (ŞANTİYE),1,28.0
2023,9,BAYRAKLI,SOĞUKKUYU,Konut,Atıksu,KUYU ATIK SU KONUT,3,71.0
2023,8,KİRAZ,YENİ,Konut,Su,E.A.,29,453.0
2020,2,FOÇA,KAZIM DİRİK,Konut,Su,KONUT,941,8097.0
2024,7,KARABURUN,SALMAN,Tarım Hayvan,Su,ORMAN KÖYÜ VE ESKİ KÖYLER TARIM/ HAYVAN,3,22.0
2020,8,KEMALPAŞA,AŞAĞIKIZILCA,Konut,Su,KÖY ENGELLİ,1,51.0
2021,3,ÇEŞME,ALTINYUNUS,Konut Dışı,Su,İNŞAAT (ŞANTİYE),10,401.0
2021,10,KARŞIYAKA,BAHÇELİEVLER,Konut Dışı,Su,RESMİ DAİRE,2,210.0
2023,8,DİKİLİ,DELİKTAŞ,Konut Dışı,Su,RESMİ OKUL HASTANELER,1,27.0
2024,4,KINIK,OSMANİYE,Tarım Hayvan,Su,İLÇE BELEDİYE TARIM / HAYVAN,24,250.0
2024,4,KARABAĞLAR,REİS,Konut,Su,E.A.,226,2543.0
2023,7,BAYINDIR,BIYIKLAR,Konut Dışı,Su,İNŞAAT (ŞANTİYE),2,9.0
2020,12,DİKİLİ,SALİHLER,Konut Dışı,Su,RESMİ OKUL HASTANELER,2,21.0
2022,4,ÇİĞLİ,MALTEPE,Konut Dışı,Su,İBADETHANELER,1,2.0
2020,3,MENDERES,GÜMÜLDÜR İNÖNÜ,Konut,Su,E.A.,3,13.0
2020,11,KARABAĞLAR,UMUT,Sulama,Su,PARKLAR  VE  MEZARLIKLAR,1,11.0
2021,4,ÇİĞLİ,ATATÜRK,Konut Dışı,Su,İBADETHANELER,1,21.0
2023,1,BALÇOVA,İNCİRALTI,Konut,Su,E.A.,5,49.0
2021,8,KINIK,AZİZİYE,Konut,Su,ORMAN KÖYÜ VE ESKİ KÖYLER KONUT,44,1227.0
2024,1,SEFERİHİSAR,CUMHURİYET,Konut,Su,E.A.,62,425.0
2023,7,ÇİĞLİ,EGEKENT,Sulama,Su,PARKLAR  VE  MEZARLIKLAR,2,582.0
2021,12,KEMALPAŞA,ZEAMET,Konut Dışı,Su,ORMAN KÖYÜ VE ESKİ KÖYLER İŞYERİ,1,5.0
2021,11,FOÇA,KOCA MEHMETLER,Konut Dışı,Su,BELEDİYE,1,13.0
2021,12,ALİAĞA,ATATÜRK,Konut Dışı,Su,İNŞAAT (ŞANTİYE),1,907.0
2023,11,BUCA,CUMHURİYET,Konut,Su,KONUT (S),1,8.0
2022,12,BEYDAĞ,ERİKLİ,Konut,Su,KONUT,2,15.0
2023,10,KARABURUN,BOZKÖY,Konut Dışı,Su,İNŞAAT (ŞANTİYE),3,47.0
2023,3,TORBALI,ÖZBEY,Konut Dışı,Su,RESMİ OKUL HASTANELER,2,78.0
2023,1,ÇİĞLİ,ATAŞEHİR,Konut Dışı,Atıksu,KUYU ATIK SU İŞYERİ,16,638.0
2020,4,KARABURUN,İSKELE,Konut,Su,KONUT,9,206.0
2022,11,KONAK,MURAT,Konut,Su,KONUT (S),1,8.0
2023,6,BAYRAKLI,EMEK,Konut,Su,E.A.,213,2527.0
2023,2,KONAK,KAHRAMANLAR,Konut Dışı,Su,FIRIN HAMAM ABONELERİ,2,27.0
2020,12,SELÇUK,ZAFER,Konut Dışı,Su,BELEDİYE,1,10.0
2024,6,BEYDAĞ,KARAOBA,Konut Dışı,Su,İBADETHANELER,2,41.0
2022,9,BORNOVA,EVKA 4,Konut Dışı,Su,RESMİ OKUL HASTANELER,1,325.0
2021,9,ÇİĞLİ,ŞİRİNTEPE,Konut,Su,ŞEHİT GAZİ,4,42.0
2023,10,MENEMEN,ÇUKURKÖY,Konut Dışı,Su,İBADETHANELER,1,16.0
2024,4,GAZİEMİR,YEŞİL,Konut,Su,E.A.,109,1211.0
2024,4,MENEMEN,ZAFER,Konut,Su,KONUT,303,3530.0
2021,9,KEMALPAŞA,YEŞİLKÖY,Sulama,Su,PARKLAR  VE  MEZARLIKLAR,1,1.0
2022,12,URLA,ATATÜRK,Konut,Su,KONUT,1689,16858.0
2022,5,KEMALPAŞA,MEHMET AKİF ERSOY,Konut Dışı,Su,FIRIN HAMAM ABONELERİ,7,158.0
2021,1,SEFERİHİSAR,BENGİLER,Konut Dışı,Atıksu,KUYU ATIK SU İŞYERİ,1,4.0
2023,12,GAZİEMİR,SEVGİ,Sanayi,Atıksu,KUYU ATIK SU SANAYİ,2,85.0
2024,5,ALİAĞA,YALI,Tarım Hayvan,Su,İLÇE BELEDİYE TARIM / HAYVAN,1,11.0
2020,10,BUCA,MENDERES,Konut,Su,KONUT,4321,44770.0
2024,4,TİRE,KÜÇÜKKEMERDERE,Tarım Hayvan,Su,ORMAN KÖYÜ VE ESKİ KÖYLER TARIM/ HAYVAN,16,340.0
2020,8,BORNOVA,KAZIMDİRİK,Konut,Su,E.A.,171,2047.0
2022,11,DİKİLİ,DELİKTAŞ,Konut Dışı,Su,RESMİ OKUL HASTANELER,1,36.0
2023,12,FOÇA,FATİH,Konut Dışı,Su,İŞYERİ,2,15.0
2020,7,BERGAMA,HALİLAĞALAR,Konut,Su,ORMAN KÖYÜ VE ESKİ KÖYLER KONUT,1,51.0
2023,4,KİRAZ,ARKACILAR,Konut Dışı,Su,RESMİ OKUL HASTANELER,1,128.0
2024,8,TORBALI,İNÖNÜ,,Su,KIRSAL İŞYERİ (MERKEZ),235,2959.0
2022,2,MENEMEN,KIR,Konut,Su,İLÇE BELEDİYESİ BAHÇE SUYU,1,4.0
2024,6,ÖDEMİŞ,OCAKLI,Tarım Hayvan,Su,ORMAN KÖYÜ VE ESKİ KÖYLER TARIM/ HAYVAN,30,2309.0
2021,10,BALÇOVA,KORUTÜRK,Konut Dışı,Su,RESMİ DAİRE,4,178.0
2021,10,MENEMEN,ÇAVUŞ,Konut,Su,5216 ESKİ KÖY KONUT,162,1934.0
2022,8,NARLIDERE,ALTIEVLER,Konut Dışı,Su,RESMİ DAİRE,6,5831.0
2022,7,KARABURUN,SARPINCIK,Konut Dışı,Su,ORMAN KÖYÜ VE ESKİ KÖYLER İŞYERİ,1,10.0
2020,9,MENDERES,AKÇAKÖY,Konut Dışı,Su,İBADETHANELER,1,34.0
2021,4,BAYRAKLI,MANSUROĞLU,Konut Dışı,Su,R. OKUL HAS. (TÜK. BİLD. İNE.),1,237.0
2023,8,TİRE,KIRTEPE,Tarım Hayvan,Su,ORMAN KÖYÜ VE ESKİ KÖYLER TARIM/ HAYVAN,7,968.0
2024,6,ÖDEMİŞ,ATATÜRK,Konut Dışı,Atıksu,KUYU ATIK SU İŞYERİ,1,94.0
2022,7,KEMALPAŞA,SARILAR,Konut Dışı,Su,RESMİ OKUL HASTANELER,1,55.0
2023,9,GÜZELBAHÇE,YELKİ,Sulama,Su,PARKLAR  VE  MEZARLIKLAR,11,5713.0
2021,4,KARŞIYAKA,MUSTAFA KEMAL,Konut,Su,E.A.,67,672.0
2023,11,TİRE,AKYURT,Konut Dışı,Su,İBADETHANELER,1,2.0
2022,1,FOÇA,ILIPINAR,Sulama,Su,PARKLAR  VE  MEZARLIKLAR,1,58.0
2020,5,GÜZELBAHÇE,ÇELEBİ,Konut Dışı,Su,ÖZEL OKULLAR,1,107.0
2024,9,KINIK,YENİ,Konut Dışı,Su,İNŞAAT (ŞANTİYE),2,35.0
2022,2,GAZİEMİR,SEVGİ,Sulama,Su,PARKLAR  VE  MEZARLIKLAR,5,9760.0
2023,1,KARABAĞLAR,SEVGİ,Konut,Su,KONUT (S),35,389.0
2021,2,SEFERİHİSAR,TEPECİK,Konut Dışı,Su,PANDEMİ İŞYERİ,6,105.0
2024,5,ÖDEMİŞ,GERELİ,Konut,Su,KÖY ENGELLİ,2,44.0
2024,2,KEMALPAŞA,YENMİŞ,Konut Dışı,Su,ORMAN KÖYÜ VE ESKİ KÖYLER İŞYERİ,6,64.0
2023,10,BAYINDIR,ORTA,Konut,Su,KONUT (S),1,6.0
2024,8,KARŞIYAKA,TUNA,Konut Dışı,Su,İNŞAAT (ŞANTİYE),4,81.0
2020,10,NARLIDERE,YENİKALE,Konut Dışı,Su,İNŞAAT (ŞANTİYE),1,27.0
2023,4,KINIK,KINIK OSB,Konut Dışı,Su,İŞYERİ,1,2.0
2022,7,BAYINDIR,BURUNCUK,Konut Dışı,Su,ORMAN KÖYÜ VE ESKİ KÖYLER İŞYERİ,1,19.0
2023,7,KARABURUN,TEPEBOZ,Konut Dışı,Su,İBADETHANELER,2,31.0
2024,4,KARABAĞLAR,BASIN SİTESİ,Konut Dışı,Su,RESMİ DAİRE,3,37.0
2023,5,BUCA,YİĞİTLER,Konut Dışı,Su,İNŞAAT (ŞANTİYE),1,228.0
2021,9,BEYDAĞ,TABAKLAR,Konut,Su,ORMAN KÖYÜ VE ESKİ KÖYLER KONUT,30,343.0
2023,5,KARABURUN,KÖSEDERE,Sulama,Su,PARKLAR  VE  MEZARLIKLAR,1,6.0
2022,4,KİRAZ,HALİLLER,Konut Dışı,Su,RESMİ OKUL HASTANELER,1,16.0
2023,9,KINIK,BALABAN,Konut Dışı,Su,İBADETHANELER,1,7.0
2023,7,KONAK,PİRİ REİS,Konut Dışı,Su,RESMİ OKUL HASTANELER,1,65.0
2022,10,ALİAĞA,BOZKÖY,Konut Dışı,Su,ORMAN KÖYÜ VE ESKİ KÖYLER İŞYERİ,3,51.0
2022,4,TİRE,BAHARİYE,Konut,Su,KONUT (S),20,107.0
2023,8,MENDERES,GÜMÜLDÜR FEVZİ ÇAKMAK,Konut Dışı,Su,BELEDİYE,4,5367.0
2021,11,KONAK,TRAKYA,Konut,Su,E.A.,13,145.0
2022,2,KEMALPAŞA,KUYUCAK,Konut,Su,ORMAN KÖYÜ VE ESKİ KÖYLER KONUT,198,4769.0
2021,9,ÖDEMİŞ,SEYREKLİ,Konut Dışı,Su,ORMAN KÖYÜ VE ESKİ KÖYLER İŞYERİ,4,154.0
2023,3,ALİAĞA,KÜLTÜR,Konut Dışı,Su,İŞYERİ,638,6411.0
2021,6,MENEMEN,KAZIMPAŞA,Konut,Su,ŞEHİT GAZİ,1,14.0
2023,7,URLA,NAİPLİ,Konut Dışı,Su,İŞYERİ,1,4.0
2021,10,BEYDAĞ,ATATÜRK,Konut Dışı,Su,İBADETHANELER,2,29.0
2024,9,URLA,DEMİRCİLİ,Konut Dışı,Su,ORMAN KÖYÜ VE ESKİ KÖYLER İŞYERİ,1,2.0
2020,12,ÇİĞLİ,ATAŞEHİR,Konut Dışı,Su,İBADETHANELER,2,113.0
2021,4,DİKİLİ,İSMETPAŞA,Konut Dışı,Su,İBADETHANELER,1,8.0
2023,2,MENEMEN,GÖRECE,Tarım Hayvan,Su,ORMAN KÖYÜ VE ESKİ KÖYLER TARIM/ HAYVAN,18,182.0
2020,12,NARLIDERE,YENİKALE,Konut Dışı,Su,İNŞAAT (ŞANTİYE),1,18.0
2024,8,KINIK,POYRACIK,Konut,Su,BELDE ENGELLİ ABONELERİ,29,482.0
2022,8,URLA,ATATÜRK,Konut Dışı,Su,BELEDİYE,2,1249.0
2024,3,BORNOVA,ATATÜRK,Konut,Su,KONUT,9441,93404.0
2020,7,SELÇUK,ATATÜRK,Konut Dışı,Su,İŞYERİ,538,7436.0
2024,3,BORNOVA,MERKEZ,Konut,Su,E.A.,76,1055.0
2021,6,BAYINDIR,MİTHATPAŞA,Konut Dışı,Su,RESMİ OKUL HASTANELER,7,278.0
2023,1,GÜZELBAHÇE,MUSTAFA KEMAL PAŞA,Konut Dışı,Su,ÖZEL OKULLAR,2,397.0
2023,1,BALÇOVA,KORUTÜRK,Konut,Su,E.A.,134,1310.0
2024,9,ÇİĞLİ,YENİ MAHALLE,Konut,Su,KONUT (AFET),1,8.0
2024,2,KARŞIYAKA,AKSOY,Konut Dışı,Atıksu,KUYU ATIK SU İŞYERİ,1,2.0
2020,12,KINIK,KALEMKÖY,Konut Dışı,Su,İBADETHANELER,1,7.0
2020,10,SEFERİHİSAR,ÇOLAK İBRAHİM BEY,Konut,Su,ŞEHİT GAZİ,1,24.0
2021,7,FOÇA,CUMHURİYET,Konut,Su,İLÇE BELEDİYESİ BAHÇE SUYU,57,729.0
2023,11,MENDERES,HÜRRİYET,Konut,Su,E.A.,79,686.0
2024,2,KARABURUN,İSKELE,Konut,Su,E.A.,22,126.0
2024,6,BUCA,KURUÇEŞME,Konut Dışı,Su,İŞYERİ,495,34989.0
2020,11,GAZİEMİR,DOKUZ EYLÜL,Sulama,Su,PARKLAR  VE  MEZARLIKLAR,9,560.0
2022,4,BORNOVA,BARBAROS,Konut,Su,ŞEHİT GAZİ,6,93.0
2024,6,ALİAĞA,KALABAK,Tarım Hayvan,Su,ORMAN KÖYÜ VE ESKİ KÖYLER TARIM/ HAYVAN,33,2289.0
2023,12,KARABURUN,MORDOĞAN,Konut Dışı,Su,BELDE ŞANTİYE ABONELERİ,137,3049.0
2024,4,ALİAĞA,GÜZELHİSAR,Konut,Su,ORMAN KÖYÜ VE ESKİ KÖYLER KONUT,236,3163.0
2023,4,KİRAZ,DOĞANCILAR,Tarım Hayvan,Su,ORMAN KÖYÜ VE ESKİ KÖYLER TARIM/ HAYVAN,3,64.0
2023,7,KINIK,OSMANİYE,Konut,Su,ŞEHİT GAZİ,4,75.0
2023,11,URLA,BİRGİ,Sulama,Su,PARKLAR  VE  MEZARLIKLAR,1,434.0
2022,7,DİKİLİ,İSMETPAŞA,Konut Dışı,Su,FIRIN HAMAM ABONELERİ,6,237.0
2022,3,KİRAZ,YENİ,Konut Dışı,Su,RESMİ DAİRE,8,289.0
2021,6,GAZİEMİR,MENDERES,Konut Dışı,Su,RESMİ DAİRE,1,568.0
2020,3,KEMALPAŞA,ATATÜRK,Konut,Su,E.A.,49,566.0
2024,7,NARLIDERE,ÇATALKAYA,Konut Dışı,Atıksu,KUYU ATIK SU İŞYERİ,1,30.0
2024,5,BERGAMA,HİSARKÖY,Konut Dışı,Su,İNŞAAT (ŞANTİYE),2,8.0
2021,11,SEFERİHİSAR,ORHANLI,Konut Dışı,Su,RESMİ OKUL HASTANELER,2,31.0
2023,9,KEMALPAŞA,ARMUTLU 85.YIL CUMHURİYET,Konut,Su,KONUT,1845,19547.0
2024,4,FOÇA,İSMETPAŞA,Konut,Su,E.A.,32,300.0
2022,12,BAYRAKLI,MANAVKUYU,Konut,Su,İLÇE BELEDİYESİ BAHÇE SUYU,2,2.0
2021,9,MENDERES,HÜRRİYET,Sulama,Su,PARKLAR  VE  MEZARLIKLAR,1,454.0
2023,9,KONAK,FAİK PAŞA,Konut Dışı,Su,İBADETHANELER,1,248.0
2022,1,KARABAĞLAR,SALİH OMURTAK,Konut,Su,E.A.,64,758.0
2023,3,KARABURUN,YAYLA,Konut Dışı,Su,BELEDİYE,1,1.0
2022,11,GÜZELBAHÇE,ÇAMLI,Konut,Su,ORMAN KÖYÜ VE ESKİ KÖYLER KONUT,320,13940.0
2022,2,ÇİĞLİ,ESENTEPE,Konut Dışı,Su,İŞYERİ,9,74.0
2023,9,ALİAĞA,KÜLTÜR,Konut,Su,ŞEHİT GAZİ,5,58.0
2021,10,BAYINDIR,GAZİLER,Tarım Hayvan,Su,ORMAN KÖYÜ VE ESKİ KÖYLER TARIM/ HAYVAN,12,274.0
2021,5,KİRAZ,YENİ,Konut,Su,ŞEHİT GAZİ,3,62.0
2023,6,MENDERES,GÖLCÜKLER,Konut,Su,ŞEHİT GAZİ,5,64.0
2020,4,ÖDEMİŞ,AKINCILAR,Konut Dışı,Su,İŞYERİ,4,202.0
2020,4,BAYRAKLI,FUAT EDİP BAKSI,Konut Dışı,Su,BELEDİYE,1,6.0
2022,12,SEFERİHİSAR,ULAMIŞ,Konut Dışı,Su,BELEDİYE,2,372.0
2023,2,MENDERES,KASIMPAŞA,Konut Dışı,Su,FIRIN HAMAM ABONELERİ,3,59.0
2022,3,ÖDEMİŞ,İNÖNÜ,Tarım Hayvan,Su,İLÇE BELEDİYE TARIM / HAYVAN,7,98.0
2022,6,TİRE,KAHRAT,Konut,Su,BELDE ENGELLİ ABONELERİ,4,79.0
2022,5,KARABAĞLAR,AŞIK VEYSEL,Konut,Su,KONUT,570,5569.0
2022,1,BAYRAKLI,TURAN,Konut Dışı,Atıksu,KUYU ATIK SU İŞYERİ,1,120.0
2020,10,BORNOVA,MEVLANA,Konut Dışı,Su,BELEDİYE,2,500.0
2023,2,FOÇA,KEMAL ATATÜRK,Konut Dışı,Su,İBADETHANELER,1,2.0
2023,1,URLA,ÖZBEK,Konut Dışı,Su,İNŞAAT (ŞANTİYE),1,39.0
2020,10,TİRE,MUSALAR,Konut Dışı,Su,ORMAN KÖYÜ VE ESKİ KÖYLER İŞYERİ,1,14.0
2023,8,TORBALI,AYRANCILAR,Konut Dışı,Su,İŞYERİ,338,3491.0
2022,4,GAZİEMİR,BEYAZEVLER,Konut,Atıksu,KUYU ATIK SU KONUT,1,30.0
2024,3,NARLIDERE,LİMANREİS,Konut Dışı,Su,RESMİ OKUL HASTANELER,2,49.0
2022,4,FOÇA,MAREŞAL FEVZİ ÇAKMAK,Konut Dışı,Su,BELEDİYE,1,19.0
2020,8,BAYRAKLI,TURAN,Konut,Su,ŞEHİT GAZİ,1,10.0
2021,3,SELÇUK,İSA BEY,Konut,Su,İLÇE BELEDİYESİ BAHÇE SUYU,8,46.0
2021,8,ALİAĞA,MİMAR SİNAN,Konut,Su,İLÇE BELEDİYESİ BAHÇE SUYU,7,116.0
2021,7,NARLIDERE,ILICA,Konut,Su,İLÇE BELEDİYESİ BAHÇE SUYU,19,895.0
2020,6,GAZİEMİR,AKTEPE,Konut Dışı,Su,RESMİ DAİRE,1,3.0
2023,7,KARABURUN,KÖSEDERE,Konut,Su,ORMAN KÖYÜ VE ESKİ KÖYLER KONUT,313,5111.0
2021,12,TORBALI,YEMİŞLİK,Konut Dışı,Su,İŞYERİ,26,226.0
2020,12,MENEMEN,GAZİ MUSTAFA KEMAL,Konut,Su,İLÇE BELEDİYESİ BAHÇE SUYU,1,6.0
2023,12,URLA,YAKA,Konut,Su,E.A.,30,345.0
2020,12,MENDERES,GÖLCÜKLER,Konut,Su,E.A.,34,388.0
2021,9,ÇİĞLİ,AHMET EFENDİ,Konut,Su,E.A.,13,186.0
2023,7,BEYDAĞ,SARIKAYA,Konut,Su,ORMAN KÖYÜ VE ESKİ KÖYLER KONUT,58,1645.0
2021,9,KEMALPAŞA,MEHMET AKİF ERSOY,Konut Dışı,Su,İŞYERİ,562,4448.0
2021,7,BERGAMA,HİSARKÖY,Tarım Hayvan,Su,ORMAN KÖYÜ VE ESKİ KÖYLER TARIM/ HAYVAN,17,252.0
2023,10,ALİAĞA,KURTULUŞ,Konut Dışı,Su,BELEDİYE,3,22.0
2022,3,DİKİLİ,KIRATLI,Konut,Su,5216 ESKİ KÖY ENGELLİ,1,8.0
2021,5,ÖDEMİŞ,DEMİRCİLİ,Konut,Su,ORMAN KÖYÜ VE ESKİ KÖYLER KONUT,326,10612.0
2023,1,BERGAMA,İSLAMSARAY,Konut Dışı,Su,RESMİ OKUL HASTANELER,1,907.0
2024,3,ALİAĞA,KURTULUŞ,Konut,Su,E.A.,105,1190.0
2024,8,KARŞIYAKA,ŞEMİKLER,Konut Dışı,Su,RESMİ OKUL HASTANELER,5,352.0
2023,8,MENEMEN,İĞNEDERE,Tarım Hayvan,Su,ORMAN KÖYÜ VE ESKİ KÖYLER TARIM/ HAYVAN,20,735.0
2024,8,FOÇA,İSMETPAŞA,Sulama,Su,PARKLAR  VE  MEZARLIKLAR,6,895.0
2021,12,TİRE,TOKİ,Konut,Su,KONUT,836,6875.0
2021,2,ÖDEMİŞ,KERPİÇLİK,Konut Dışı,Su,İBADETHANELER,1,42.0
2023,4,KARABURUN,EĞLENHOCA,Konut Dışı,Su,İBADETHANELER,1,6.0
2024,3,ÇEŞME,ALTINYUNUS,Konut,Su,KONUT,389,5183.0
2021,4,KARABAĞLAR,GÜLYAKA,Konut Dışı,Su,İŞYERİ,178,1270.0
2021,10,ÇİĞLİ,YENİ MAHALLE,Konut Dışı,Su,RESMİ OKUL HASTANELER,2,8021.0
2020,11,TORBALI,ÇAKIRBEYLİ,Konut Dışı,Su,İBADETHANELER,1,23.0
2022,5,SELÇUK,İSA BEY,Konut Dışı,Su,BELEDİYE,12,384.0
2024,5,TİRE,YEĞENLİ,Konut,Su,ORMAN KÖYÜ VE ESKİ KÖYLER KONUT,99,1969.0
2023,10,ÇİĞLİ,EGEKENT,Konut Dışı,Su,BELEDİYE,7,136.0
2022,7,KINIK,KARADERE,Konut,Su,ORMAN KÖYÜ VE ESKİ KÖYLER KONUT,92,1324.0
2023,2,BAYRAKLI,ÇAY,Konut Dışı,Su,İŞYERİ,148,1132.0
2022,7,MENDERES,KÜNER,Konut Dışı,Su,ORMAN KÖYÜ VE ESKİ KÖYLER İŞYERİ,8,219.0
2020,1,SELÇUK,CUMHURİYET,Konut,Su,ŞEHİT GAZİ,3,35.0
2024,2,KINIK,ÇALTI,Konut,Su,ORMAN KÖYÜ VE ESKİ KÖYLER KONUT,69,799.0
2022,6,TİRE,SOMAK,Konut Dışı,Su,ORMAN KÖYÜ VE ESKİ KÖYLER İŞYERİ,2,38.0
2021,12,KONAK,MİTHATPAŞA,Konut Dışı,Su,FIRIN HAMAM ABONELERİ,2,13.0
2022,1,KİRAZ,YENİKÖY,Konut Dışı,Su,ORMAN KÖYÜ VE ESKİ KÖYLER İŞYERİ,5,173.0
2021,12,BAYRAKLI,ONUR,Konut,Su,E.A.,169,2057.0
2021,1,ÇEŞME,ALTINYUNUS,Konut,Su,KONUT,462,7431.0
2024,3,GAZİEMİR,ZAFER,Sulama,Su,PARKLAR  VE  MEZARLIKLAR,5,445.0
2020,8,SEFERİHİSAR,AKARCA,Konut,Su,İLÇE BELEDİYESİ BAHÇE SUYU,659,11900.0
2020,9,URLA,HACI İSA,Konut Dışı,Su,BELEDİYE,6,471.0
2021,3,BAYINDIR,HACI İBRAHİM,Konut Dışı,Su,BELEDİYE,1,15.0
2020,8,GÜZELBAHÇE,KAHRAMANDERE,Konut,Su,İLÇE BELEDİYESİ BAHÇE SUYU,566,16179.0
2020,2,URLA,BADEMLER,Konut Dışı,Su,ORMAN KÖYÜ VE ESKİ KÖYLER İŞYERİ,22,377.0
2023,7,SEFERİHİSAR,ÇOLAK İBRAHİM BEY,Konut,Su,İLÇE BELEDİYESİ BAHÇE SUYU,64,1219.0
2023,9,BALÇOVA,ÇETİN EMEÇ,Sulama,Su,PARKLAR  VE  MEZARLIKLAR,22,4278.0
2022,11,BAYRAKLI,MANAVKUYU,Konut Dışı,Su,FIRIN HAMAM ABONELERİ,1,43.0
2021,3,DİKİLİ,ÇANDARLI,Konut Dışı,Su,İNŞAAT (ŞANTİYE),2,8.0
2023,10,ÖDEMİŞ,KÖFÜNDERE,Konut,Su,ORMAN KÖYÜ VE ESKİ KÖYLER KONUT,106,2240.0
2022,2,BERGAMA,ÇAMAVLU,Konut Dışı,Su,ORMAN KÖYÜ VE ESKİ KÖYLER İŞYERİ,9,1037.0
2023,2,ÇİĞLİ,KÖYİÇİ,Konut Dışı,Su,FIRIN HAMAM ABONELERİ,4,22.0
2020,8,SEFERİHİSAR,ORHANLI,Konut Dışı,Su,RESMİ OKUL HASTANELER,2,135.0
2021,7,ALİAĞA,HACIÖMERLİ,Konut Dışı,Su,RESMİ DAİRE,1,298.0
2022,3,MENEMEN,AHIHIDIR,Konut Dışı,Su,İŞYERİ,18,692.0
2023,4,URLA,ZEYTİNALANI,Konut Dışı,Su,BELEDİYE,2,61.0
2021,4,NARLIDERE,ÇATALKAYA,Konut,Su,E.A.,88,965.0
2020,10,FOÇA,FEVZİ ÇAKMAK,Konut Dışı,Su,İBADETHANELER,1,53.0
2022,2,BEYDAĞ,ATATÜRK,Tarım Hayvan,Su,İLÇE BELEDİYE TARIM / HAYVAN,10,94.0
2020,4,KONAK,ZEYBEK,Konut Dışı,Su,RESMİ DAİRE,3,200.0
2023,12,URLA,GÜVENDİK,Konut Dışı,Su,İNŞAAT (ŞANTİYE),17,297.0
2021,1,KONAK,MERSİNLİ,Konut Dışı,Su,RESMİ DAİRE,4,3382.0
2023,10,ÇİĞLİ,EGEKENT,Konut Dışı,Su,İŞYERİ,65,350.0
2020,10,KARABAĞLAR,SARIYER,Konut,Su,KONUT,2631,30175.0
2024,8,BORNOVA,GAZİ OSMAN PAŞA,Konut Dışı,Su,ÖZEL OKULLAR,1,54.0
2022,3,TİRE,OSMANCIK,Konut,Su,ORMAN KÖYÜ VE ESKİ KÖYLER KONUT,87,1346.0
2021,6,BEYDAĞ,YAĞCILAR,Sulama,Su,PARKLAR  VE  MEZARLIKLAR,2,95.0
2022,7,BAYRAKLI,KÖRFEZ,Konut Dışı,Su,BELEDİYE,1,23.0
2020,10,FOÇA,İSMETPAŞA,Konut Dışı,Atıksu,K.ATIKSU TURİSTİK TESİS,1,105.0
2021,3,KARABAĞLAR,BAHÇELİEVLER,Konut Dışı,Su,AİLEHEKİM.RES.HAS.,1,17.0
2024,8,ÖDEMİŞ,BİRGİ,Konut Dışı,Su,BELEDİYE,7,204.0
2022,5,ÇİĞLİ,BALATÇIK,Konut Dışı,Su,AİLEHEKİM.RES.HAS.,1,7.0
2022,12,GÜZELBAHÇE,ATATÜRK,Konut Dışı,Su,RESMİ OKUL HASTANELER,2,27.0
2023,4,KİRAZ,CUMHURİYET,Konut Dışı,Su,FIRIN HAMAM ABONELERİ,1,21.0
2023,4,FOÇA,YENİBAĞARASI,Sulama,Su,PARKLAR  VE  MEZARLIKLAR,2,275.0
2022,8,ÇEŞME,ÇİFTLİK,Konut Dışı,Su,İNŞAAT (ŞANTİYE),24,913.0
2024,5,SELÇUK,GÖKÇEALAN,Tarım Hayvan,Su,ORMAN KÖYÜ VE ESKİ KÖYLER TARIM/ HAYVAN,30,306.0
2022,6,BAYINDIR,PINARLI,Konut Dışı,Su,İBADETHANELER,1,35.0
2023,8,DİKİLİ,DEMİRTAŞ,Konut,Su,ORMAN KÖYÜ VE ESKİ KÖYLER KONUT,127,7335.0
2024,6,MENDERES,ÖZDERE CUMHURİYET,Konut Dışı,Su,İBADETHANELER,1,13.0
2022,9,ÇİĞLİ,ESENTEPE,Konut,Su,E.A.,80,894.0
2022,7,KARABURUN,MERKEZ,Konut Dışı,Su,RESMİ DAİRE,7,282.0
2020,4,FOÇA,KAZIM DİRİK,Konut Dışı,Su,RESMİ DAİRE,1,11.0
2020,4,BAYRAKLI,R.ŞEVKET İNCE,Konut,Su,KONUT,12,396.0
2022,12,SEFERİHİSAR,SIĞACIK,Konut Dışı,Su,FIRIN HAMAM ABONELERİ,1,19.0
2021,9,TORBALI,AYRANCILAR,Konut Dışı,Su,İŞYERİ,366,3077.0
2022,5,KARABAĞLAR,GENERAL ASIM GÜNDÜZ,Konut,Su,ŞEHİT GAZİ,2,9.0
2024,1,BAYINDIR,ALANKÖY,,Su,KIRSAL KONUT ( KÖY),53,447.0
2024,9,KEMALPAŞA,ÇAMBEL,Konut Dışı,Su,ORMAN KÖYÜ VE ESKİ KÖYLER İŞYERİ,6,101.0
2023,1,MENDERES,ATAKÖY,Tarım Hayvan,Su,ORMAN KÖYÜ VE ESKİ KÖYLER TARIM/ HAYVAN,74,721.0
2023,3,BAYRAKLI,TEPEKULE,Konut,Su,ŞEHİT GAZİ,17,156.0
2024,8,KONAK,ATAMER,Konut,Su,KONUT (S),2,41.0
2022,12,BEYDAĞ,SARIKAYA,Tarım Hayvan,Su,ORMAN KÖYÜ VE ESKİ KÖYLER TARIM/ HAYVAN,5,349.0
2021,9,BEYDAĞ,YUKARIAKTEPE,Sulama,Su,PARKLAR  VE  MEZARLIKLAR,1,1.0
2024,7,ÇEŞME,İSMET İNÖNÜ,Konut Dışı,Su,RESMİ DAİRE,3,578.0
2023,12,DİKİLİ,CUMHURİYET,Konut,Su,E.A.,37,384.0
2020,6,BAYINDIR,YENİ,Sulama,Su,PARKLAR  VE  MEZARLIKLAR,1,477.0
2020,11,TORBALI,CUMHURİYET,Konut Dışı,Su,İŞYERİ,25,371.0
2022,6,BERGAMA,ÇAMAVLU,Konut Dışı,Su,ORMAN KÖYÜ VE ESKİ KÖYLER İŞYERİ,10,724.0
2021,2,KINIK,ÇALTI,Tarım Hayvan,Su,ORMAN KÖYÜ VE ESKİ KÖYLER TARIM/ HAYVAN,1,1.0
2021,9,BERGAMA,ÖRLEMİŞ,Tarım Hayvan,Su,ORMAN KÖYÜ VE ESKİ KÖYLER TARIM/ HAYVAN,4,79.0
2022,6,ÇİĞLİ,KÖYİÇİ,Sulama,Su,PARKLAR  VE  MEZARLIKLAR,2,3171.0
2022,9,ÇİĞLİ,EVKA-5,Sulama,Su,PARKLAR  VE  MEZARLIKLAR,12,3848.0
2024,3,SELÇUK,İSA BEY,Konut,Su,KONUT (S),45,434.0
2021,5,BUCA,YEŞİLBAĞLAR,Sulama,Su,PARKLAR  VE  MEZARLIKLAR,3,173.0
2023,11,URLA,GÜLBAHÇE,Konut Dışı,Atıksu,KUYU ATIK SU İŞYERİ,1,30.0
2021,12,KONAK,ÇINARLI,Konut Dışı,Su,BELEDİYE,1,7.0
2023,3,BERGAMA,GAZİOSMANPAŞA,Konut Dışı,Su,RESMİ OKUL HASTANELER,3,610.0
2022,10,KARABAĞLAR,ARAP HASAN,Konut Dışı,Su,RESMİ OKUL HASTANELER,1,234.0
2023,6,ALİAĞA,SİTELER,Konut Dışı,Su,BELEDİYE,7,2290.0
2023,3,BAYINDIR,GAZİLER,Tarım Hayvan,Su,ORMAN KÖYÜ VE ESKİ KÖYLER TARIM/ HAYVAN,2,8.0
2023,12,KARABURUN,SARPINCIK,Konut Dışı,Su,ORMAN KÖYÜ VE ESKİ KÖYLER İŞYERİ,2,2.0
2023,3,ÇİĞLİ,AHMET TANER KIŞLALI,Konut,Su,KONUT (S),8,89.0
2023,1,MENDERES,MİTHATPAŞA,Konut,Su,KONUT,1870,19124.0
2023,10,URLA,GÜLBAHÇE,Konut,Su,ORMAN KÖYÜ VE ESKİ KÖYLER KONUT,9,383.0
2023,5,TİRE,ESKİOBA,Konut Dışı,Su,ORMAN KÖYÜ VE ESKİ KÖYLER İŞYERİ,5,102.0
2023,7,ÇEŞME,16 EYLÜL,Konut Dışı,Su,RESMİ OKUL HASTANELER,4,92.0
2024,9,DİKİLİ,CUMHURİYET,Konut Dışı,Su,İNŞAAT (ŞANTİYE),19,1156.0
2024,1,SEFERİHİSAR,ORHANLI,Tarım Hayvan,Su,ORMAN KÖYÜ VE ESKİ KÖYLER TARIM/ HAYVAN,26,85.0
2022,2,TİRE,DOYRANLI,Konut Dışı,Su,ORMAN KÖYÜ VE ESKİ KÖYLER İŞYERİ,4,184.0
2020,12,KARABURUN,İSKELE,Konut Dışı,Su,İNŞAAT (ŞANTİYE),17,318.0
2020,12,ÇEŞME,ARDIÇ,Konut Dışı,Su,İŞYERİ,15,856.0
2023,11,TİRE,KIZILCAHAVLU,Konut,Su,ORMAN KÖYÜ VE ESKİ KÖYLER KONUT,196,3069.0
2021,8,URLA,TORASAN,Konut,Su,ŞEHİT GAZİ,2,36.0
2022,4,BORNOVA,BİRLİK,Konut,Su,E.A.,45,504.0
2023,11,KARABAĞLAR,UZUNDERE,Konut Dışı,Su,AİLEHEKİM.RES.HAS.,1,7.0
2023,1,KARŞIYAKA,YALI,Konut Dışı,Su,AİLEHEKİM.RES.HAS.,1,9.0
2023,4,TİRE,MAHMUTLAR,Konut Dışı,Su,BELEDİYE,1,53.0
2023,2,MENDERES,ÖZDERE CUMHURİYET,Konut Dışı,Su,RESMİ OKUL HASTANELER,1,71.0
2023,4,KARABAĞLAR,METİN OKTAY,Sulama,Su,PARKLAR  VE  MEZARLIKLAR,1,1.0
2024,6,KARABAĞLAR,BAHÇELİEVLER,Konut Dışı,Su,BAKIMEVLERİ,1,42.0
2022,10,URLA,SIRA,Konut,Su,E.A.,20,215.0
2020,6,TORBALI,YENİ,Konut,Su,ŞEHİT GAZİ,1,66.0
2021,1,ÖDEMİŞ,GÜNEY,Konut,Su,KÖY ENGELLİ,1,46.0
2023,5,TİRE,KÜÇÜKBURUN,Tarım Hayvan,Su,ORMAN KÖYÜ VE ESKİ KÖYLER TARIM/ HAYVAN,1,2.0
2023,6,ÇEŞME,SAKARYA,Konut Dışı,Su,İNŞAAT (ŞANTİYE),2,71.0
2021,2,KEMALPAŞA,ULUCAK MUSTAFA KEMAL ATATÜRK,Tarım Hayvan,Su,İLÇE BELEDİYE TARIM / HAYVAN,1,2.0
2023,8,KARABAĞLAR,YUNUS EMRE,Konut Dışı,Su,BELEDİYE,3,429.0
2023,11,MENEMEN,85.YIL CUMHURİYET,Konut,Su,E.A.,8,56.0
2021,10,GÜZELBAHÇE,MUSTAFA KEMAL PAŞA,Konut Dışı,Su,İNŞAAT (ŞANTİYE),17,208.0
2023,7,KARABURUN,HASSEKİ,Tarım Hayvan,Su,ORMAN KÖYÜ VE ESKİ KÖYLER TARIM/ HAYVAN,7,31.0
2024,4,GÜZELBAHÇE,SİTELER,Konut,Su,E.A.,24,463.0
2022,10,SEFERİHİSAR,CUMHURİYET,Konut Dışı,Su,BELEDİYE,3,146.0
2023,3,TİRE,BÜYÜKKALE,Konut Dışı,Su,ORMAN KÖYÜ VE ESKİ KÖYLER İŞYERİ,8,222.0
2020,11,SELÇUK,14 MAYIS,Konut Dışı,Su,RESMİ OKUL HASTANELER,1,15.0
2020,11,GAZİEMİR,YEŞİL,Konut Dışı,Su,FIRIN HAMAM ABONELERİ,2,29.0
2024,4,NARLIDERE,SAHİLEVLERİ,Konut Dışı,Su,İNŞAAT (ŞANTİYE),10,380.0
2021,7,GAZİEMİR,AKTEPE,Konut,Su,KONUT,1486,16877.0
2024,3,SELÇUK,CUMHURİYET,Konut,Su,ŞEHİT GAZİ,4,43.0
2021,8,KARŞIYAKA,GONCALAR,Konut Dışı,Su,İŞYERİ,300,2983.0
2023,6,ÇEŞME,ILDIR,Konut,Su,KONUT,165,3435.0
2021,3,FOÇA,YENİBAĞARASI,Konut Dışı,Atıksu,KUYU ATIK SU İŞYERİ,1,51.0
2020,7,BALÇOVA,ONUR,Sulama,Su,PARKLAR  VE  MEZARLIKLAR,13,1913.0
2021,7,MENEMEN,YANIKKÖY,Tarım Hayvan,Su,ORMAN KÖYÜ VE ESKİ KÖYLER TARIM/ HAYVAN,15,666.0
2022,8,GÜZELBAHÇE,YELKİ,Konut Dışı,Su,İNŞAAT (ŞANTİYE),23,967.0
2023,12,TİRE,KÜÇÜKKALE,Tarım Hayvan,Su,ORMAN KÖYÜ VE ESKİ KÖYLER TARIM/ HAYVAN,10,649.0
2022,11,KARŞIYAKA,İMBATLI,Konut Dışı,Su,RESMİ DAİRE,2,31.0
2020,6,KONAK,ÇANKAYA,Konut,Su,ŞEHİT GAZİ,16,415.0
2021,9,KONAK,HALKAPINAR,Konut Dışı,Su,İBADETHANELER,1,5.0
2021,6,MENEMEN,IRMAK,Konut Dışı,Su,RESMİ DAİRE,2,63.0
2020,9,BERGAMA,BOZYERLER,Konut Dışı,Su,ORMAN KÖYÜ VE ESKİ KÖYLER İŞYERİ,1,57.0
2023,9,BUCA,KARANFİL,Konut,Su,KONUT (AFET),1,15.0
2024,5,KEMALPAŞA,BAĞYURDU YENİ,Konut Dışı,Su,FIRIN HAMAM ABONELERİ,1,2.0
2023,3,KONAK,KÜLTÜR,Konut Dışı,Su,RESMİ DAİRE,7,1606.0
2021,9,BUCA,KURUÇEŞME,Konut,Su,KONUT,7251,72335.0
2023,3,KEMALPAŞA,ÖREN EGEMEN,Konut Dışı,Su,İŞYERİ,2,16.0
2023,2,ÇEŞME,SAKARYA,Konut Dışı,Su,İŞYERİ,37,1035.0
2020,11,TORBALI,MURATBEY,Konut Dışı,Su,RESMİ DAİRE,7,1074.0
2023,11,MENEMEN,İNCİRLİ PINAR,Konut,Su,KONUT (AFET),5,88.0
2024,5,KARABAĞLAR,KAVACIK,Konut Dışı,Su,ORMAN KÖYÜ VE ESKİ KÖYLER İŞYERİ,7,86.0
2024,2,KARABAĞLAR,BAHAR,Konut,Su,KONUT (S),16,186.0
2024,2,MENDERES,DEĞİRMENDERE,Tarım Hayvan,Su,İLÇE BELEDİYE TARIM / HAYVAN,58,499.0
2024,6,KARŞIYAKA,ZÜBEYDE HANIM,Konut,Su,KONUT (S),29,350.0
2021,12,KARABURUN,MORDOĞAN,Konut Dışı,Su,BELDE İŞYERİ ABONELERİ,139,3534.0
2020,6,BALÇOVA,KORUTÜRK,Konut Dışı,Su,FIRIN HAMAM ABONELERİ,5,100.0
2021,8,KINIK,TÜRKCEDİT,Konut Dışı,Su,BELEDİYE,1,10.0
2023,12,DİKİLİ,DELİKTAŞ,Konut,Su,E.A.,1,2.0
2024,2,GAZİEMİR,GAZİKENT,Konut Dışı,Su,BELEDİYE,5,122.0
2022,5,NARLIDERE,ALTIEVLER,Konut Dışı,Su,İNŞAAT (ŞANTİYE),9,205.0
2022,3,NARLIDERE,ÇATALKAYA,Konut,Su,ŞEHİT GAZİ,9,81.0
2024,1,KİRAZ,KARABAĞ,Konut Dışı,Su,İBADETHANELER,1,27.0
2024,4,KEMALPAŞA,ÖREN 75.YIL CUMHURİYET,Konut Dışı,Su,İNŞAAT (ŞANTİYE),1,14.0
2022,11,BERGAMA,DURMUŞLAR,Konut,Su,ORMAN KÖYÜ VE ESKİ KÖYLER KONUT,57,1025.0
2021,10,BAYINDIR,ARIKBAŞI,Konut Dışı,Su,ORMAN KÖYÜ VE ESKİ KÖYLER İŞYERİ,10,394.0
2023,5,NARLIDERE,SAHİLEVLERİ,Konut Dışı,Su,İNŞAAT (ŞANTİYE),15,583.0
2020,9,ALİAĞA,B.HAYRETTİN PAŞA,Konut,Su,İLÇE BELEDİYESİ BAHÇE SUYU,9,105.0
2021,9,MENEMEN,CUMHURİYET,Konut Dışı,Atıksu,KUYU ATIK SU İŞYERİ,3,104.0
2020,7,BERGAMA,GAZİOSMANPAŞA,Konut Dışı,Su,RESMİ OKUL HASTANELER,3,92.0
2020,11,BUCA,DUMLUPINAR,Konut Dışı,Su,BELEDİYE,2,157.0
2020,6,BEYDAĞ,YAĞCILAR,Konut,Su,ORMAN KÖYÜ VE ESKİ KÖYLER KONUT,171,7886.0
2024,3,DİKİLİ,CUMHURİYET,Konut Dışı,Atıksu,KUYU ATIK SU İŞYERİ,5,114.0
2023,1,BUCA,GÖKSU,Konut,Su,ŞEHİT GAZİ,6,67.0
2022,7,GÜZELBAHÇE,YAKA,Konut Dışı,Su,RESMİ DAİRE,1,112.0
2024,1,SELÇUK,14 MAYIS,Konut,Su,KONUT,2290,20424.0
2022,11,NARLIDERE,ÇAMTEPE,Konut Dışı,Su,İNŞAAT (ŞANTİYE),4,214.0
2020,10,KARABAĞLAR,BAHÇELİEVLER,Konut Dışı,Su,ÖZEL OKULLAR,3,23.0
2022,9,SELÇUK,CUMHURİYET,Sulama,Su,PARKLAR  VE  MEZARLIKLAR,7,1364.0
2023,10,ÇEŞME,16 EYLÜL,Konut Dışı,Su,İNŞAAT (ŞANTİYE),17,3152.0
2024,8,GAZİEMİR,ZAFER,Konut,Su,ŞEHİT GAZİ,5,86.0
2022,6,BALÇOVA,FEVZİ ÇAKMAK,Konut,Su,ŞEHİT GAZİ,16,145.0
2022,1,ALİAĞA,FATİH,Konut Dışı,Su,İŞYERİ,25,675.0
2024,5,SELÇUK,HAVUTÇULU,Konut Dışı,Su,ORMAN KÖYÜ VE ESKİ KÖYLER İŞYERİ,4,20.0
2022,8,NARLIDERE,YENİKALE,Konut,Su,İLÇE BELEDİYESİ BAHÇE SUYU,12,178.0
2022,3,FOÇA,İSMETPAŞA,Konut Dışı,Su,RESMİ OKUL HASTANELER,2,123.0
2024,7,BUCA,VALİ RAHMİ BEY,Konut Dışı,Su,ÖZEL OKULLAR,12,214.0
2020,9,BAYRAKLI,POSTACILAR,Konut Dışı,Su,FIRIN HAMAM ABONELERİ,3,36.0
2022,9,KEMALPAŞA,ARMUTLU 85.YIL CUMHURİYET,Konut Dışı,Su,İNŞAAT (ŞANTİYE),6,561.0
2020,1,BERGAMA,BAHÇELİEVLER,Konut Dışı,Su,İŞYERİ,53,510.0
2022,12,KEMALPAŞA,BAYRAMLI,Konut,Su,ORMAN KÖYÜ VE ESKİ KÖYLER KONUT,50,334.0
2022,12,NARLIDERE,NARLI,Konut,Su,E.A.,117,1298.0
2024,1,KONAK,MURAT REİS,Sulama,Su,PARKLAR  VE  MEZARLIKLAR,4,31.0
2022,1,BORNOVA,YUNUS EMRE,Konut,Su,E.A.,19,288.0
2023,3,KARŞIYAKA,MAVİŞEHİR,Konut Dışı,Atıksu,K.Ö.P.,1,112.0
2020,6,BEYDAĞ,CUMHURİYET,Konut Dışı,Su,İNŞAAT (ŞANTİYE),2,84.0
2024,3,MENEMEN,IRMAK,Konut,Su,İLÇE BELEDİYESİ BAHÇE SUYU,3,9.0
2024,6,TİRE,GÖKÇEN,Konut,Su,BELDE ENGELLİ ABONELERİ,4,83.0
2023,2,FOÇA,HACIVELİ,Konut Dışı,Su,İŞYERİ,42,628.0
2020,2,ÖDEMİŞ,MURSALLI,Konut Dışı,Su,ORMAN KÖYÜ VE ESKİ KÖYLER İŞYERİ,3,40.0
2023,2,KINIK,AŞAĞI,Konut Dışı,Su,FIRIN HAMAM ABONELERİ,1,99.0
2023,7,BEYDAĞ,ATATÜRK,Sulama,Su,PARKLAR  VE  MEZARLIKLAR,2,38.0
2022,7,MENDERES,GÜMÜLDÜR ATATÜRK,Konut,Su,KONUT (S),4,64.0
2021,1,BERGAMA,KALEARDI,Konut,Su,ORMAN KÖYÜ VE ESKİ KÖYLER KONUT,24,397.0
2023,5,BAYRAKLI,ALPASLAN,Konut Dışı,Su,İBADETHANELER,1,11.0
2020,3,KARŞIYAKA,ŞEMİKLER,Konut Dışı,Su,BELEDİYE,2,184.0
2022,1,DİKİLİ,MERDİVENLİ,Konut,Su,ORMAN KÖYÜ VE ESKİ KÖYLER KONUT,54,722.0
2021,3,KARŞIYAKA,TERSANE,Konut,Su,KONUT,2468,20892.0
2022,2,SEFERİHİSAR,CUMHURİYET,Konut Dışı,Atıksu,KUYU ATIK SU RESMİ DAİRE,1,18.0
2022,10,GÜZELBAHÇE,ÇELEBİ,Konut,Su,E.A.,28,414.0
2022,5,ÇİĞLİ,KÖYİÇİ,Konut Dışı,Su,İNŞAAT (ŞANTİYE),1,452.0
2024,4,MENEMEN,YAHŞELLİ,Konut,Su,KÖY ŞEHİT GAZİ,1,31.0
2020,9,MENEMEN,KAZIMPAŞA,Konut Dışı,Su,İŞYERİ,14,168.0
2022,1,ÇİĞLİ,ESENTEPE,Konut Dışı,Su,BELEDİYE,1,591.0
2020,8,SEFERİHİSAR,PAYAMLI,Konut,Su,İLÇE BELEDİYESİ BAHÇE SUYU,57,435.0
2020,6,BERGAMA,SELÇUK,Konut Dışı,Su,İŞYERİ,5,27.0
2024,8,ALİAĞA,KALABAK,Konut,Su,KÖY ENGELLİ,1,21.0
2020,7,KEMALPAŞA,ÖREN 75.YIL CUMHURİYET,Konut Dışı,Su,RESMİ DAİRE,1,54.0
2022,2,GAZİEMİR,BİNBAŞI REŞATBEY,Konut Dışı,Su,BELEDİYE,3,595.0
2022,6,ÖDEMİŞ,CUMHURİYET,Konut Dışı,Su,İŞYERİ,210,1771.0
2020,11,ÇEŞME,İSMET İNÖNÜ,Konut Dışı,Su,İŞYERİ,257,2689.0
2022,7,BALÇOVA,KORUTÜRK,Konut Dışı,Su,TURİSTİK TESİS,1,14328.0
2024,6,ÇEŞME,BOYALIK,Konut,Su,E.A.,6,77.0
2023,10,KONAK,YAVUZ SELİM,Konut,Su,E.A.,19,228.0
2020,12,GÜZELBAHÇE,ATATÜRK,Konut Dışı,Su,RESMİ DAİRE,1,82.0
2020,4,ÇEŞME,MUSALLA,Sulama,Su,PARKLAR  VE  MEZARLIKLAR,1,824.0
2024,4,KEMALPAŞA,NAZARKÖY,Konut Dışı,Atıksu,K.ATIKSU TURİSTİK TESİS,1,26.0
2023,1,BERGAMA,FATİH,Konut Dışı,Su,İŞYERİ,173,1991.0
2023,9,ALİAĞA,SİTELER,Konut,Su,ŞEHİT GAZİ,2,14.0
2020,8,BORNOVA,DOĞANLAR,Konut Dışı,Su,İŞYERİ,399,5656.0
2023,5,KARABAĞLAR,YURDOĞLU,Konut,Su,ŞEHİT GAZİ,7,86.0
2020,9,BUCA,ZAFER,Konut Dışı,Atıksu,KUYU ATIK SU İŞYERİ,8,1040.0
2022,1,TİRE,BOYNUYOĞUN,Tarım Hayvan,Su,ORMAN KÖYÜ VE ESKİ KÖYLER TARIM/ HAYVAN,8,385.0
2020,6,BAYRAKLI,ONUR,Konut,Su,ŞEHİT GAZİ,5,441.0
2024,7,KINIK,CUMALI,Konut,Su,KÖY ENGELLİ,1,10.0
2023,6,ALİAĞA,ŞEHİTKEMAL,Tarım Hayvan,Su,ORMAN KÖYÜ VE ESKİ KÖYLER TARIM/ HAYVAN,3,29.0
2024,8,KARABAĞLAR,REİS,Konut Dışı,Su,FIRIN HAMAM ABONELERİ,1,45.0
2024,5,SELÇUK,ŞİRİNCE,Konut Dışı,Su,RESMİ OKUL HASTANELER,1,19.0
2021,2,KINIK,YAYAKENT,Konut,Su,BELDE ENGELLİ ABONELERİ,6,74.0
2021,8,TİRE,BÜYÜKKALE,Konut Dışı,Su,RESMİ DAİRE,1,12.0
2021,7,GÜZELBAHÇE,ÇELEBİ,Konut,Su,ŞEHİT GAZİ,5,72.0
2023,12,ÖDEMİŞ,ÇAMYAYLA,Tarım Hayvan,Su,ORMAN KÖYÜ VE ESKİ KÖYLER TARIM/ HAYVAN,1,18.0
2023,9,KARABURUN,MERKEZ,Konut,Su,ŞEHİT GAZİ,2,45.0
2020,4,MENDERES,ŞAŞAL,Konut Dışı,Su,BELEDİYE,1,27.0
2024,8,BAYRAKLI,KÖRFEZ,Konut,Su,KONUT (S),6,75.0
2020,10,MENDERES,ÇAKALTEPE,Konut Dışı,Su,İŞYERİ,1,8.0
2023,10,KARABURUN,PARLAK,Konut Dışı,Su,İBADETHANELER,1,13.0
2022,11,GAZİEMİR,ATIFBEY,Konut Dışı,Su,RESMİ KIZILAY KAN,1,6.0
2024,8,NARLIDERE,NARLI,Konut Dışı,Su,BELEDİYE,3,187.0
2023,12,FOÇA,CUMHURİYET,Konut Dışı,Atıksu,KUYU ATIK SU İŞYERİ,2,80.0
2022,2,KONAK,KOCATEPE,Konut Dışı,Su,RESMİ DAİRE,1,12.0
2022,6,KARŞIYAKA,ATAKENT,Konut Dışı,Su,BELEDİYE,2,118.0
2021,3,BEYDAĞ,BAKIRKÖY,Konut,Su,KÖY ENGELLİ,3,25.0
2021,8,ALİAĞA,YUKARI ŞEHİTKEMAL,Konut,Su,5216 ESKİ KÖY ENGELLİ,2,59.0
2020,2,URLA,CAMİATİK,Konut Dışı,Su,RESMİ OKUL HASTANELER,2,20.0
2021,12,FOÇA,KEMAL ATATÜRK,Konut,Su,KONUT,275,2957.0
2022,3,SELÇUK,ZAFER,Konut Dışı,Su,İNŞAAT (ŞANTİYE),7,19.0
2020,3,BEYDAĞ,PALAMUTÇUK,Konut Dışı,Su,ORMAN KÖYÜ VE ESKİ KÖYLER İŞYERİ,1,1.0
2023,3,MENDERES,GÜMÜLDÜR FEVZİ ÇAKMAK,Konut Dışı,Atıksu,KUYU ATIK SU İŞYERİ,9,125.0
2021,5,TORBALI,CUMHURİYET,Konut Dışı,Su,RESMİ OKUL HASTANELER,3,536.0
2023,9,BUCA,MENDERES,Konut Dışı,Su,İŞYERİ,313,3833.0
2023,1,KINIK,SUCAHLI,Konut,Su,ORMAN KÖYÜ VE ESKİ KÖYLER KONUT,72,1154.0
2023,3,ÇİĞLİ,GÜZELTEPE,Konut,Su,ŞEHİT GAZİ,1,14.0
2023,1,BORNOVA,ZAFER,Konut Dışı,Su,RESMİ DAİRE,1,4.0
2022,12,KEMALPAŞA,DEREKÖY,Tarım Hayvan,Su,ORMAN KÖYÜ VE ESKİ KÖYLER TARIM/ HAYVAN,9,47.0
2021,8,URLA,HACI İSA,Konut,Atıksu,KUYU ATIK SU KONUT,2,30.0
2024,3,BAYINDIR,MEKTEP,Tarım Hayvan,Su,İLÇE BELEDİYE TARIM / HAYVAN,3,29.0
2021,4,KONAK,MERSİNLİ,Konut Dışı,Su,RESMİ DAİRE,3,2372.0
2024,8,SEFERİHİSAR,ÇOLAK İBRAHİM BEY,Konut Dışı,Su,İŞYERİ,28,597.0
2024,4,ÇEŞME,SAKARYA,Konut Dışı,Su,RESMİ OKUL HASTANELER,1,30.0
2020,6,BALÇOVA,BAHÇELERARASI,Konut Dışı,Su,İBADETHANELER,1,134.0
2020,8,ÖDEMİŞ,SEYREKLİ,Konut,Su,KÖY ENGELLİ,2,41.0
2022,1,BORNOVA,NALDÖKEN,Konut Dışı,Su,RESMİ OKUL HASTANELER,1,129.0
2023,7,TORBALI,İNÖNÜ,Konut,Su,KONUT,5904,80753.0
2022,5,FOÇA,ILIPINAR,Konut Dışı,Su,RESMİ OKUL HASTANELER,1,42.0
2022,11,BAYINDIR,DEMİRCİLİK,Konut,Su,KONUT (S),9,69.0
2022,5,MENEMEN,İSTİKLAL,Konut,Su,İLÇE BELEDİYESİ BAHÇE SUYU,4,14.0
2021,10,NARLIDERE,ÇAMTEPE,Sulama,Su,PARKLAR  VE  MEZARLIKLAR,5,1077.0
2023,10,SEFERİHİSAR,PAYAMLI,Konut Dışı,Atıksu,KUYU ATIK SU İŞYERİ,2,16.0
2021,12,TİRE,KURŞAK,Sulama,Su,PARKLAR  VE  MEZARLIKLAR,1,311.0
2021,9,KONAK,KAHRAMANLAR,Konut Dışı,Su,TURİSTİK TESİS,2,283.0
2022,12,ÖDEMİŞ,DEMİRDERE,Sulama,Su,PARKLAR  VE  MEZARLIKLAR,1,2.0
2021,1,SEFERİHİSAR,DÜZCE,Tarım Hayvan,Su,ORMAN KÖYÜ VE ESKİ KÖYLER TARIM/ HAYVAN,13,541.0
